pid,gender,age,SwitchPoint1,SwitchPoint2,SwitchPoint3,SwitchPoint4,SwitchPoint5,SwitchPoint6,SwitchPoint7,SwitchPoint8,SwitchPoint9,SwitchPoint10,SwitchPoint11,SwitchPoint12,SwitchPoint13,SwitchPoint14,SwitchPoint15,SwitchPoint16,SwitchPoint17,SwitchPoint18,SwitchPoint19,SwitchPoint20,SwitchPoint21,SwitchPoint22,SwitchPoint23,SwitchPoint24,SwitchPoint25,CE1,CE2,CE3,CE4,CE5,CE6,CE7,CE8,CE9,CE10,CE11,CE12,CE13,CE14,CE15,CE16,CE17,CE18,CE19,CE20,CE21,CE22,CE23,CE24,CE25
572a04726fe43d000f0491de,0,28,19,19,18,18,18,17,19,17,17,17,14,11,17,14,15,15,16,17,11,6,16,6,13,4,6,3,24.5,47.5,125,2.5,23.5,7.5,7,30.5,50.5,6.5,29.5,30.5,32.5,56.5,82.5,9,30.5,68.5,14.5,24.5,72.5,15,69.5,83.5
59400de88fcebc0001075a41,1,47,20,17,20,20,11,11,11,16,17,17,6,11,17,13,17,13,1,11,17,11,1,11,6,4,4,2,30.5,43,110,9.5,29.5,47.5,9,30.5,50.5,14.5,29.5,30.5,37.5,50.5,112.5,39,48.5,50.5,9.5,39.5,47.5,29,69.5,89.5
5975ea651a800200011cd0f7,0,40,16,20,17,11,16,13,20,16,17,20,14,11,10,13,18,7,13,20,12,10,13,6,10,17,9,9,23,50.5,195,4.5,27.5,5,9,30.5,43,6.5,29.5,51.5,37.5,47.5,202.5,15,23,65.5,10.5,27.5,72.5,21,30.5,74.5
5977986837d15f00016f1d08,1,47,20,18,14,20,14,15,18,15,16,13,13,15,15,15,14,13,11,10,13,1,1,6,1,1,0,2,27.5,59.5,110,6.5,25.5,12.5,11,33.5,62.5,7.5,25.5,36.5,27.5,59.5,112.5,19,51.5,62.5,19.5,39.5,72.5,39,78.5,100
5a3adfb705f005000104d2a3,1,40,19,20,20,20,16,20,17,20,20,20,15,13,17,13,20,18,8,11,11,6,11,6,6,3,11,3,23,43,110,4.5,21,17.5,2,23,43,5.5,27.5,30.5,37.5,43,37.5,25,48.5,68.5,14.5,29.5,72.5,29,72.5,68.5
5c4c57609446be00017e6746,0,43,20,19,18,17,18,20,19,15,18,19,17,16,19,17,19,18,9,15,10,4,7,2,2,4,3,2,24.5,47.5,135,2.5,21,7.5,11,27.5,44.5,3.5,24.5,24.5,17.5,44.5,37.5,23,36.5,71.5,16.5,33.5,92.5,37,69.5,92.5
5c8d7e956ca70b0001128dd2,0,55,16,14,17,16,16,16,15,16,17,17,11,10,17,14,17,14,10,10,17,8,16,17,5,10,11,9,39.5,50.5,145,4.5,24.5,27.5,9,30.5,50.5,9.5,30.5,30.5,32.5,50.5,97.5,21,51.5,50.5,12.5,24.5,17.5,31,51.5,68.5
5ca27ccf9736bd00015f6ec8,1,23,20,20,20,0,20,20,20,20,20,20,20,20,20,20,0,20,20,0,0,20,0,0,20,0,0,2,23,43,300,1,21,5,2,23,43,1,21,23,5,100,15,2,80,100,1,40,100,2,80,100
5ce8e04c06aa230001362dac,1,48,18,20,18,16,14,15,18,15,13,11,6,6,11,8,11,11,4,5,5,2,4,4,3,2,3,5,23,47.5,145,6.5,25.5,12.5,11,42.5,68.5,14.5,34.5,48.5,62.5,68.5,142.5,33,66.5,86.5,18.5,36.5,82.5,35,75.5,92.5
5d838710c4138c0001f73c34,0,44,16,20,17,20,9,10,16,15,16,15,11,10,11,13,20,7,12,2,8,1,3,3,1,20,7,9,23,50.5,110,11.5,30.5,22.5,11,33.5,56.5,9.5,30.5,48.5,37.5,43,202.5,17,75.5,77.5,19.5,37.5,87.5,39,23,80.5
5db63b797a466c000c82666a,1,32,16,20,20,20,12,18,20,16,19,20,6,11,17,17,17,13,11,12,0,2,14,4,5,1,4,9,23,43,110,8.5,22.5,5,9,24.5,43,14.5,29.5,30.5,17.5,50.5,112.5,19,45.5,100,18.5,26.5,82.5,31,78.5,89.5
5df16d597adf4b08a7e779f1,1,40,18,15,17,19,17,14,20,16,14,12,12,10,6,17,14,14,16,14,11,8,9,11,5,0,9,5,36.5,50.5,115,3.5,26.5,5,9,39.5,65.5,8.5,30.5,63.5,17.5,59.5,97.5,9,39.5,68.5,12.5,31.5,47.5,31,80,74.5
5e456129f5b428000b5b0f81,0,31,18,19,18,18,15,17,17,17,18,19,14,16,17,18,18,16,17,17,18,16,16,13,16,17,14,5,24.5,47.5,125,5.5,23.5,17.5,7,27.5,44.5,6.5,24.5,30.5,12.5,47.5,67.5,7,30.5,47.5,4.5,24.5,37.5,9,30.5,59.5
5e81ad7cb706bb88bc5c2fc8,0,35,18,17,18,18,18,17,18,16,18,17,14,15,16,17,17,15,16,14,17,15,15,8,11,11,9,5,30.5,47.5,125,2.5,23.5,12.5,9,27.5,50.5,6.5,25.5,33.5,17.5,50.5,82.5,9,39.5,50.5,5.5,25.5,62.5,19,48.5,74.5
5e8d96efe32229018dec69dd,1,51,20,18,20,17,20,18,17,18,17,17,17,16,18,19,17,18,17,17,19,17,14,17,7,19,16,2,27.5,43,135,1,22.5,17.5,5,30.5,50.5,3.5,24.5,27.5,7.5,50.5,37.5,7,30.5,44.5,3.5,26.5,17.5,27,24.5,53.5
5eebc01d1b53c11438f3405b,1,34,17,20,20,18,18,16,18,16,18,17,11,20,14,13,12,12,20,11,14,6,20,7,4,1,20,7,23,43,125,2.5,24.5,12.5,9,27.5,50.5,9.5,21,39.5,37.5,65.5,127.5,2,48.5,59.5,14.5,21,67.5,33,78.5,43
5f986f8468d96a14bb56f06d,1,44,16,18,19,16,11,20,17,16,17,20,1,11,1,5,1,7,3,4,4,1,1,1,1,1,1,9,27.5,44.5,145,9.5,21,17.5,9,30.5,43,19.5,29.5,78.5,77.5,98.5,202.5,35,69.5,89.5,19.5,39.5,97.5,39,78.5,98.5
600f077a481b4705a93b13d7,1,41,20,20,13,18,10,15,17,14,16,20,11,15,14,16,14,17,7,11,16,5,10,11,7,5,7,2,23,62.5,125,10.5,25.5,17.5,13,33.5,43,9.5,25.5,39.5,22.5,59.5,52.5,27,48.5,53.5,15.5,30.5,47.5,27,66.5,80.5
603d0646ae671eb670bc09b9,1,54,19,16,20,17,18,20,18,18,15,16,20,20,14,18,16,18,18,14,18,17,16,6,4,10,20,3,33.5,43,135,2.5,21,12.5,5,36.5,53.5,1,21,39.5,12.5,53.5,37.5,5,39.5,47.5,3.5,24.5,72.5,33,51.5,43
60487ebc968b491ba6c6f0d6,0,27,19,20,20,20,18,20,20,15,20,20,16,20,16,18,20,16,16,11,17,10,20,7,6,1,7,3,23,43,110,2.5,21,5,11,23,43,4.5,21,33.5,12.5,43,67.5,9,48.5,50.5,10.5,21,67.5,29,78.5,80.5
609bea211aa125abbb0c65e1,1,60,19,20,20,20,19,17,19,16,20,14,0,11,20,16,12,18,16,10,11,9,6,13,2,4,7,3,23,43,110,1.5,23.5,7.5,9,23,59.5,20,29.5,23,22.5,65.5,37.5,9,51.5,68.5,11.5,34.5,37.5,37,69.5,80.5
6142013d4dd8ae5ca2b4329b,0,49,18,20,20,19,15,16,19,15,20,18,11,16,15,16,17,18,11,14,17,5,11,15,5,5,6,5,23,43,115,5.5,24.5,7.5,11,23,47.5,9.5,24.5,36.5,22.5,50.5,37.5,19,39.5,50.5,15.5,29.5,27.5,31,66.5,83.5
61424b1673fc4394db65bc53,1,62,18,20,20,16,15,16,18,17,20,20,11,20,17,20,17,14,16,14,17,5,20,11,6,10,16,5,23,43,145,5.5,24.5,12.5,7,23,43,9.5,21,30.5,5,50.5,97.5,9,39.5,50.5,15.5,21,47.5,29,51.5,53.5
6150792b260ce6cdd47941c9,0,52,18,18,20,17,9,20,20,20,17,14,10,16,14,14,20,14,5,10,9,0,15,5,1,3,7,5,27.5,43,135,11.5,21,5,2,30.5,59.5,10.5,24.5,39.5,32.5,43,97.5,31,51.5,74.5,20,25.5,77.5,39,72.5,80.5
6167362322996f4dc92f09c6,1,20,20,17,10,14,20,20,17,18,11,10,6,14,13,10,18,14,20,5,15,6,20,7,3,7,4,2,30.5,71.5,165,1,21,17.5,5,48.5,71.5,14.5,26.5,42.5,52.5,47.5,97.5,2,66.5,56.5,14.5,21,67.5,35,60.5,89.5
62fbaaed0e8e4f98f8b8f507,1,26,15,16,17,18,10,17,18,19,13,15,17,17,9,15,15,14,10,17,16,20,0,6,15,13,5,11,33.5,50.5,125,10.5,23.5,12.5,3,42.5,56.5,3.5,23.5,54.5,27.5,56.5,97.5,21,30.5,53.5,1,40,72.5,11,42.5,86.5
63655c008926038bcc6308f2,0,39,18,18,16,18,16,13,16,17,16,15,16,15,14,17,14,16,11,12,17,6,7,16,3,7,7,5,27.5,53.5,125,4.5,27.5,22.5,7,33.5,56.5,4.5,25.5,39.5,17.5,59.5,67.5,19,45.5,50.5,14.5,33.5,22.5,35,60.5,80.5
637fc8f7ff4dc88182c681ed,0,39,20,20,19,20,3,19,19,16,14,16,10,11,11,11,11,11,6,6,7,2,5,3,20,2,3,2,23,44.5,110,17.5,21.5,7.5,9,39.5,53.5,10.5,29.5,48.5,47.5,68.5,142.5,29,63.5,80.5,18.5,35.5,87.5,2,75.5,92.5
63d4cea1c14487fe4da949d7,0,42,19,19,19,19,18,18,18,16,15,15,11,11,11,11,11,10,6,6,6,3,3,3,2,2,2,3,24.5,44.5,115,2.5,22.5,12.5,9,36.5,56.5,9.5,29.5,48.5,47.5,68.5,157.5,29,63.5,83.5,17.5,37.5,87.5,37,75.5,95.5
63e55ecaa002eb54284210e8,0,38,20,20,20,20,20,20,20,20,20,20,20,20,1,20,1,11,0,1,11,1,0,0,1,0,0,2,23,43,110,1,21,5,2,23,43,1,21,78.5,5,98.5,142.5,40,78.5,68.5,19.5,40,100,39,80,100
5422aa8bfdf99b328c91b1ff,1,46,17,16,16,16,16,11,17,16,14,14,14,11,14,17,14,14,14,14,11,14,8,11,11,4,11,7,33.5,53.5,145,4.5,29.5,17.5,9,39.5,59.5,6.5,29.5,39.5,17.5,59.5,97.5,13,39.5,68.5,6.5,32.5,47.5,19,69.5,68.5
5422ae1afdf99b328c91b203,1,42,19,19,17,19,18,18,19,16,15,20,10,10,13,14,11,15,6,9,1,2,4,3,2,1,3,3,24.5,50.5,115,2.5,22.5,7.5,9,36.5,43,10.5,30.5,42.5,32.5,68.5,82.5,29,54.5,98.5,18.5,36.5,87.5,37,78.5,92.5
543e85adfdf99b7356902e90,0,50,16,17,20,18,18,17,18,13,17,14,12,10,11,13,10,14,13,11,12,5,10,11,6,4,4,9,30.5,43,125,2.5,23.5,12.5,15,30.5,59.5,8.5,30.5,48.5,37.5,71.5,97.5,15,48.5,65.5,15.5,30.5,47.5,29,69.5,89.5
551d8fccfdf99b51d1bea31e,1,28,19,19,18,20,16,18,18,16,17,20,20,11,13,16,20,20,14,16,20,7,13,18,12,15,5,3,24.5,47.5,110,4.5,22.5,12.5,9,30.5,43,1,29.5,42.5,22.5,43,15,13,33.5,43,13.5,27.5,12.5,17,36.5,86.5
5576a928fdf99b31db3db316,1,41,17,16,16,19,16,20,17,18,17,12,15,10,17,15,14,15,11,11,9,7,6,5,12,5,13,7,33.5,53.5,115,4.5,21,17.5,5,30.5,65.5,5.5,30.5,30.5,27.5,59.5,82.5,19,48.5,74.5,13.5,34.5,77.5,17,66.5,62.5
558996f2fdf99b7ae47f5ed2,0,36,16,17,20,18,15,16,18,16,16,17,13,15,16,15,14,18,11,15,14,8,11,6,6,7,11,9,30.5,43,125,5.5,24.5,12.5,9,33.5,50.5,7.5,25.5,33.5,27.5,59.5,37.5,19,36.5,59.5,12.5,29.5,72.5,29,60.5,68.5
559272f4fdf99b7e42e96932,0,52,17,18,14,19,15,8,18,18,18,20,15,11,17,19,13,18,17,14,13,8,16,6,18,1,17,7,27.5,59.5,115,5.5,32.5,12.5,5,27.5,43,5.5,29.5,30.5,7.5,62.5,37.5,7,39.5,62.5,12.5,24.5,72.5,5,78.5,50.5
55a2860ffdf99b602e6b05d6,1,47,18,20,20,20,20,20,20,20,20,20,11,20,20,20,20,20,20,0,20,0,0,3,3,7,0,5,23,43,110,1,21,5,2,23,43,9.5,21,23,5,43,15,2,80,43,20,40,87.5,35,60.5,100
5680383ac5767f000d1c7e77,1,48,18,19,18,20,16,16,18,16,17,16,11,10,16,16,12,17,6,6,14,6,6,5,4,0,2,5,24.5,47.5,110,4.5,24.5,12.5,9,30.5,53.5,9.5,30.5,33.5,22.5,65.5,52.5,29,63.5,59.5,14.5,34.5,77.5,33,80,95.5
568a7774316b10000c506283,0,39,20,20,20,11,20,20,20,20,20,14,19,16,17,14,17,15,20,14,12,14,14,10,11,7,17,2,23,43,195,1,21,5,2,23,59.5,1.5,24.5,30.5,32.5,50.5,82.5,2,39.5,65.5,6.5,26.5,52.5,19,60.5,50.5
56a80408c89737000b22bd37,0,47,18,19,20,20,18,17,20,20,18,20,13,20,18,20,20,20,17,12,20,10,15,18,18,20,13,5,24.5,43,110,2.5,23.5,5,2,27.5,43,7.5,21,27.5,5,43,15,7,45.5,43,10.5,25.5,12.5,5,23,62.5
56b4b530b2de2a000632cc5f,1,39,19,18,17,16,16,19,15,15,17,17,6,13,8,10,14,9,8,7,9,3,6,2,1,1,4,3,27.5,50.5,145,4.5,21.5,27.5,11,30.5,50.5,14.5,27.5,57.5,52.5,59.5,172.5,25,60.5,74.5,17.5,34.5,92.5,39,78.5,89.5
56d7623f04c67d000c7b9de6,1,34,16,18,18,17,11,20,20,11,17,15,10,11,16,16,11,15,9,7,15,6,11,4,6,7,5,9,27.5,47.5,135,9.5,21,5,19,30.5,56.5,10.5,29.5,33.5,22.5,68.5,82.5,23,60.5,56.5,14.5,29.5,82.5,29,60.5,86.5
56de005e6893b5000ce95d71,1,47,11,16,14,18,15,17,19,15,14,18,12,16,14,17,16,17,14,17,18,16,17,17,16,12,17,19,33.5,59.5,125,5.5,23.5,7.5,11,39.5,47.5,8.5,24.5,39.5,17.5,53.5,52.5,13,30.5,47.5,4.5,23.5,17.5,9,45.5,50.5
56fd111d581aa6000f54d061,0,54,18,17,15,19,15,15,18,17,12,14,12,12,12,15,13,14,7,11,12,13,6,6,7,6,7,5,30.5,56.5,115,5.5,25.5,12.5,7,45.5,59.5,8.5,28.5,45.5,27.5,62.5,97.5,27,48.5,65.5,7.5,34.5,72.5,27,63.5,80.5
5720da35951c9b0011d3dfe0,0,60,16,16,18,16,16,16,15,14,16,14,11,11,11,13,14,15,11,11,11,6,6,6,3,4,11,9,33.5,47.5,145,4.5,24.5,27.5,13,33.5,59.5,9.5,29.5,48.5,37.5,59.5,82.5,19,48.5,68.5,14.5,34.5,72.5,35,69.5,68.5
5755c957eb80c4000741a9ce,0,40,15,17,18,17,18,15,18,15,15,15,11,11,12,11,12,11,6,6,6,4,3,4,3,2,2,11,30.5,47.5,135,2.5,25.5,12.5,11,36.5,56.5,9.5,29.5,45.5,47.5,65.5,142.5,29,63.5,83.5,16.5,37.5,82.5,35,75.5,95.5
57655a2aea19ef00016351cf,0,50,20,19,20,20,18,18,19,16,17,16,9,12,11,12,14,12,7,6,10,3,5,4,3,2,3,2,24.5,43,110,2.5,22.5,7.5,9,30.5,53.5,11.5,28.5,48.5,42.5,59.5,127.5,27,63.5,71.5,17.5,35.5,82.5,35,75.5,92.5
5766788c3d2d3a000138b0ef,1,36,18,17,19,19,17,17,20,13,17,15,6,16,18,13,15,18,16,8,16,5,1,7,10,1,3,5,30.5,44.5,115,3.5,23.5,5,15,30.5,56.5,14.5,24.5,27.5,37.5,56.5,37.5,9,57.5,53.5,15.5,39.5,67.5,21,78.5,92.5
57c57ea095a3ea00016e5a14,1,35,20,11,17,20,11,16,20,16,17,17,20,10,15,15,10,17,16,11,1,11,1,11,1,6,0,2,48.5,50.5,110,9.5,24.5,5,9,30.5,50.5,1,30.5,36.5,27.5,71.5,52.5,9,48.5,98.5,9.5,39.5,47.5,39,63.5,100
57deea8589fea700017296dc,0,63,12,20,20,20,11,16,16,15,17,17,10,20,11,14,20,14,10,7,11,6,5,5,2,4,7,17,23,43,110,9.5,24.5,22.5,11,30.5,50.5,10.5,21,48.5,32.5,43,97.5,21,60.5,68.5,14.5,35.5,77.5,37,69.5,80.5
583fe092d639d0000142fb2e,0,53,19,19,18,20,17,15,20,17,16,20,8,13,11,12,11,11,6,5,2,2,2,3,2,2,1,3,24.5,47.5,110,3.5,25.5,5,7,33.5,43,12.5,27.5,48.5,42.5,68.5,142.5,29,66.5,95.5,18.5,38.5,87.5,37,75.5,98.5
5847e60f73170700013697c6,0,37,16,16,18,17,17,16,16,9,14,15,11,14,16,13,15,14,9,16,16,8,8,8,8,8,9,9,33.5,47.5,135,3.5,24.5,22.5,23,39.5,56.5,9.5,26.5,33.5,37.5,56.5,97.5,23,33.5,53.5,12.5,32.5,62.5,25,57.5,74.5
584d88ee6a3e990001bf1b67,1,44,20,20,20,20,20,20,20,16,20,15,11,17,14,17,20,20,13,16,11,11,20,16,11,11,17,2,23,43,110,1,21,5,9,23,56.5,9.5,23.5,39.5,17.5,43,15,15,33.5,68.5,9.5,21,22.5,19,48.5,50.5
58584aa98604ae000165e633,1,52,20,20,20,20,20,20,20,20,20,20,11,20,20,20,20,17,11,14,15,20,6,5,0,6,20,2,23,43,110,1,21,5,2,23,43,9.5,21,23,5,43,52.5,19,39.5,56.5,1,34.5,77.5,40,63.5,43
588d4876b08cc30001b77a5e,1,58,9,20,11,19,20,16,19,8,15,17,6,13,13,11,9,9,11,19,11,7,16,11,6,10,11,23,23,68.5,115,1,24.5,7.5,25,36.5,50.5,14.5,27.5,42.5,47.5,74.5,172.5,19,24.5,68.5,13.5,24.5,47.5,29,51.5,68.5
58ee2f5ec31d4d00015aa0eb,0,53,18,20,17,20,19,17,20,20,18,17,15,14,16,19,16,19,16,16,14,16,11,20,15,7,15,5,23,50.5,110,1.5,23.5,5,2,27.5,50.5,5.5,26.5,33.5,7.5,53.5,22.5,9,33.5,59.5,4.5,29.5,5,11,60.5,56.5
58ff31a1d10e2b000108579e,0,55,20,20,20,20,20,19,20,19,17,20,14,11,13,14,11,12,7,7,7,2,4,4,4,3,3,2,23,43,110,1,21.5,5,3,30.5,43,6.5,29.5,42.5,32.5,68.5,127.5,27,60.5,80.5,18.5,36.5,82.5,33,72.5,92.5
590203d0fb96b90001dddae0,0,42,18,20,20,20,15,18,18,15,14,17,11,10,16,15,17,14,16,14,15,10,6,11,2,4,6,5,23,43,110,5.5,22.5,12.5,11,39.5,50.5,9.5,30.5,33.5,27.5,50.5,97.5,9,39.5,56.5,10.5,34.5,47.5,37,69.5,83.5
59025280d17178000141a7dd,1,55,16,19,16,15,15,20,16,14,20,18,11,14,15,17,16,17,13,11,16,12,6,7,5,14,14,9,24.5,53.5,155,5.5,21,22.5,13,23,47.5,9.5,26.5,36.5,17.5,53.5,52.5,15,48.5,53.5,8.5,34.5,67.5,31,39.5,59.5
59479251f236120001ecf9a2,0,54,19,20,20,20,18,20,19,16,17,14,16,14,20,17,16,17,14,13,14,10,11,13,4,11,13,3,23,43,110,2.5,21,7.5,9,30.5,59.5,4.5,26.5,23,17.5,53.5,52.5,13,42.5,59.5,10.5,29.5,37.5,33,48.5,62.5
595e7974af78da0001a21c3a,1,47,20,17,15,20,15,20,18,17,15,15,12,10,15,16,17,17,12,17,14,10,10,11,14,8,15,2,30.5,56.5,110,5.5,21,12.5,7,36.5,56.5,8.5,30.5,36.5,22.5,50.5,52.5,17,30.5,59.5,10.5,30.5,47.5,13,57.5,56.5
596e000bfb7959000162f52f,1,39,20,20,20,20,20,20,20,16,20,20,1,20,14,11,17,17,15,11,17,6,1,11,1,4,7,2,23,43,110,1,21,5,9,23,43,19.5,21,39.5,47.5,50.5,52.5,11,48.5,50.5,14.5,39.5,47.5,39,69.5,80.5
596e1edd39e9d00001b7bb98,0,47,19,20,20,20,20,18,20,19,19,19,16,16,17,19,17,14,17,16,17,11,10,12,10,6,11,3,23,43,110,1,22.5,5,3,24.5,44.5,4.5,24.5,30.5,7.5,50.5,97.5,7,33.5,50.5,9.5,30.5,42.5,21,63.5,68.5
59a7cfeb7ff2320001ec59d9,1,53,18,17,20,20,16,15,20,17,18,11,6,5,13,14,9,14,6,7,14,6,3,4,3,4,3,5,30.5,43,110,4.5,25.5,5,7,27.5,68.5,14.5,35.5,42.5,32.5,74.5,97.5,29,60.5,59.5,14.5,37.5,82.5,35,69.5,92.5
59b6e6ddb269ef00018018c6,0,57,16,16,18,18,16,20,17,16,15,10,11,9,11,10,11,11,13,7,7,6,7,0,5,6,0,9,33.5,47.5,125,4.5,21,17.5,9,36.5,71.5,9.5,31.5,48.5,52.5,68.5,142.5,15,60.5,80.5,14.5,33.5,100,31,63.5,100
59bd9d450ac77f0001f058cb,0,25,18,17,14,13,6,16,17,15,14,15,11,10,14,15,14,17,11,11,11,6,11,5,11,7,6,5,30.5,59.5,175,14.5,24.5,17.5,11,39.5,56.5,9.5,30.5,39.5,27.5,59.5,52.5,19,48.5,68.5,14.5,29.5,77.5,19,60.5,83.5
59d949cf8fd07a000184247e,1,38,18,18,17,16,16,17,18,11,15,16,16,15,20,17,16,14,15,16,17,10,16,17,11,4,20,5,27.5,50.5,145,4.5,23.5,12.5,19,36.5,53.5,4.5,25.5,23,17.5,53.5,97.5,11,33.5,50.5,10.5,24.5,17.5,19,69.5,43
59da1d19e2762800015eb7a2,1,39,20,20,20,20,20,20,20,20,20,20,20,20,20,20,20,20,20,20,20,20,20,20,20,20,20,2,23,43,110,1,21,5,2,23,43,1,21,23,5,43,15,2,23,43,1,21,5,2,23,43
59e7c8eabbb1380001621d28,1,42,1,5,1,1,1,5,5,1,1,1,3,1,3,7,4,7,3,1,7,1,4,7,3,4,1,39,66.5,98.5,295,19.5,35.5,77.5,39,78.5,98.5,17.5,39.5,72.5,67.5,89.5,202.5,35,78.5,80.5,19.5,36.5,67.5,35,69.5,98.5
59e7eb5d62637600014a7db2,1,72,20,20,20,20,20,18,20,16,16,16,10,10,14,11,10,11,6,9,12,6,6,6,1,2,3,2,23,43,110,1,22.5,5,9,33.5,53.5,10.5,30.5,39.5,47.5,71.5,142.5,29,54.5,65.5,14.5,34.5,72.5,39,75.5,92.5
59edbd25ac0af70001b36f94,0,66,20,17,16,20,19,16,19,18,13,11,15,11,14,16,14,11,12,7,13,3,3,2,5,0,5,2,30.5,53.5,110,1.5,24.5,7.5,5,42.5,68.5,5.5,29.5,39.5,22.5,59.5,142.5,17,60.5,62.5,17.5,37.5,92.5,31,80,86.5
59f88f6eb47dfc0001b661ef,1,31,0,20,20,20,0,20,0,0,20,20,0,0,0,0,0,0,0,0,0,0,0,0,0,0,0,40,23,43,110,20,21,100,40,23,43,20,40,80,100,100,300,40,80,100,20,40,100,40,80,100
59f8b44d07e3780001ccd7b5,1,47,15,18,20,20,11,10,17,16,17,18,10,15,16,17,15,14,6,15,15,15,12,15,16,14,13,11,27.5,43,110,9.5,30.5,17.5,9,30.5,47.5,10.5,25.5,33.5,17.5,56.5,97.5,29,36.5,56.5,5.5,28.5,27.5,9,39.5,62.5
59fabb7e38ed430001be6965,0,51,15,20,20,20,11,20,16,15,20,20,10,16,14,13,20,14,11,14,17,11,11,11,11,11,11,11,23,43,110,9.5,21,22.5,11,23,43,10.5,24.5,39.5,37.5,43,97.5,19,39.5,50.5,9.5,29.5,47.5,19,48.5,68.5
59fc8a30087f2e0001ead66d,1,56,20,20,20,20,20,20,20,15,20,20,9,20,20,15,17,17,1,11,17,1,0,9,1,1,14,2,23,43,110,1,21,5,11,23,43,11.5,21,23,27.5,50.5,52.5,39,48.5,50.5,19.5,40,57.5,39,78.5,59.5
5a049dd65d06850001aff4f9,1,53,16,18,18,20,17,15,20,16,17,16,11,11,17,7,17,14,10,13,9,7,6,6,6,7,4,9,27.5,47.5,110,3.5,25.5,5,9,30.5,53.5,9.5,29.5,30.5,67.5,50.5,97.5,21,42.5,74.5,13.5,34.5,72.5,29,60.5,89.5
5a2ea69555ff700001ab7c81,0,39,17,17,17,16,15,20,17,16,17,16,15,11,15,16,15,17,7,11,7,6,6,10,4,4,4,7,30.5,50.5,145,5.5,21,17.5,9,30.5,53.5,5.5,29.5,36.5,22.5,56.5,52.5,27,48.5,80.5,14.5,34.5,52.5,33,69.5,89.5
5a3c0b842f91ec0001dc9bb4,0,52,15,18,18,18,13,16,17,15,16,15,15,11,11,12,14,14,7,7,11,6,8,9,5,5,4,11,27.5,47.5,125,7.5,24.5,17.5,11,33.5,56.5,5.5,29.5,48.5,42.5,59.5,97.5,27,60.5,68.5,14.5,32.5,57.5,31,66.5,89.5
5a598f2b8e6259000175f094,1,36,19,18,18,18,18,16,18,18,17,18,17,16,17,17,17,18,17,11,17,13,5,11,11,11,11,3,27.5,47.5,125,2.5,24.5,12.5,5,30.5,47.5,3.5,24.5,30.5,17.5,50.5,37.5,7,48.5,50.5,7.5,35.5,47.5,19,48.5,68.5
5a5a6318ac5624000153e365,0,49,20,18,20,18,18,20,19,16,18,17,15,14,14,17,17,18,12,15,16,18,9,7,6,15,11,2,27.5,43,125,2.5,21,7.5,9,27.5,50.5,5.5,26.5,39.5,17.5,50.5,37.5,17,36.5,53.5,2.5,31.5,67.5,29,36.5,68.5
5a759683190420000155674e,1,45,12,19,20,19,14,15,18,16,20,20,15,11,16,13,15,15,11,11,9,6,11,5,5,4,4,17,24.5,43,115,6.5,25.5,12.5,9,23,43,5.5,29.5,33.5,37.5,56.5,82.5,19,48.5,74.5,14.5,29.5,77.5,31,69.5,89.5
5a75b131eea3d300016ddc70,0,43,20,18,20,20,10,12,16,11,14,11,6,11,12,10,7,9,6,4,4,4,2,1,1,1,1,2,27.5,43,110,10.5,28.5,22.5,19,39.5,68.5,14.5,29.5,45.5,52.5,80.5,172.5,29,69.5,89.5,16.5,38.5,97.5,39,78.5,98.5
5a75d51a0f1bce0001219703,1,66,15,20,20,20,19,17,15,7,9,17,8,14,9,10,20,9,6,4,13,11,10,11,5,4,12,11,23,43,110,1.5,23.5,27.5,27,54.5,50.5,12.5,26.5,54.5,52.5,43,172.5,29,69.5,62.5,9.5,30.5,47.5,31,69.5,65.5
5a771465eea3d300016de2e1,1,53,20,18,19,18,17,15,19,16,20,19,20,18,18,19,17,18,16,18,20,10,18,17,18,16,12,2,27.5,44.5,125,3.5,25.5,7.5,9,23,44.5,1,22.5,27.5,7.5,50.5,37.5,9,27.5,43,10.5,22.5,17.5,5,33.5,65.5
5a89afc90f1bce00012242d8,1,43,11,17,17,20,7,15,12,7,11,10,6,7,6,9,15,14,6,5,7,1,5,1,3,4,2,19,30.5,50.5,110,13.5,25.5,42.5,27,48.5,71.5,14.5,33.5,63.5,57.5,56.5,97.5,29,66.5,80.5,19.5,35.5,97.5,35,69.5,95.5
5a9adf93dbdb470001eee5e1,1,50,20,16,19,20,18,16,19,16,16,20,12,15,20,15,14,15,14,13,16,9,6,14,4,16,8,2,33.5,44.5,110,2.5,24.5,7.5,9,33.5,43,8.5,25.5,23,27.5,59.5,82.5,13,42.5,53.5,11.5,34.5,32.5,33,33.5,77.5
5a9bbda1f6dfdd0001ea9639,1,28,19,17,16,17,19,17,18,16,15,14,13,9,12,16,11,13,7,7,9,7,8,5,7,5,5,3,30.5,53.5,135,1.5,23.5,12.5,9,36.5,59.5,7.5,31.5,45.5,22.5,68.5,112.5,27,60.5,74.5,13.5,32.5,77.5,27,66.5,86.5
5aa8e2fd873cda00012d1f1b,0,37,18,20,20,17,16,20,20,18,20,20,10,16,20,18,17,16,18,17,17,15,20,9,6,17,11,5,23,43,135,4.5,21,5,5,23,43,10.5,24.5,23,12.5,50.5,67.5,5,30.5,50.5,5.5,21,57.5,29,30.5,68.5
5ab10212fb22320001bacdfe,0,29,20,16,20,20,15,20,15,15,15,15,11,16,11,13,14,14,11,11,14,6,11,9,6,14,9,2,33.5,43,110,5.5,21,27.5,11,36.5,56.5,9.5,24.5,48.5,37.5,59.5,97.5,19,48.5,59.5,14.5,29.5,57.5,29,39.5,74.5
5ab782fe47a9f70001539d00,0,57,20,17,14,15,11,15,15,16,14,17,15,10,17,16,17,14,16,7,14,6,11,5,5,7,7,2,30.5,59.5,155,9.5,25.5,27.5,9,39.5,50.5,5.5,30.5,30.5,22.5,50.5,97.5,9,60.5,59.5,14.5,29.5,77.5,31,60.5,80.5
5ad658e2a38d7b00013afe89,1,64,16,18,16,15,15,11,17,14,14,14,11,15,10,9,14,10,5,12,6,5,3,3,4,3,3,9,27.5,53.5,155,5.5,29.5,17.5,13,39.5,59.5,9.5,25.5,51.5,57.5,59.5,157.5,31,45.5,83.5,15.5,37.5,87.5,33,72.5,92.5
5ad8dbe2e34a050001b83eac,1,55,20,0,0,0,0,0,20,20,0,0,20,20,20,20,20,20,20,20,20,20,20,20,20,20,20,2,80,100,300,20,40,5,2,80,100,1,21,23,5,43,15,2,23,43,1,21,5,2,23,43
5adfaab95f327e0001fb8c8e,1,37,17,19,17,16,18,17,18,15,17,17,14,17,16,16,15,16,11,10,16,6,15,13,17,14,6,7,24.5,50.5,145,2.5,23.5,12.5,11,30.5,50.5,6.5,23.5,33.5,22.5,56.5,67.5,19,51.5,53.5,14.5,25.5,37.5,7,39.5,83.5
5ae870c64357bd0001c57edd,0,43,18,19,18,19,20,18,18,17,16,16,14,13,11,16,11,14,11,9,16,4,8,6,3,2,3,5,24.5,47.5,115,1,22.5,12.5,7,33.5,53.5,6.5,27.5,48.5,22.5,68.5,97.5,19,54.5,53.5,16.5,32.5,72.5,35,75.5,92.5
5af6e439672ea800010d4e92,0,50,19,18,19,19,16,13,19,18,17,17,16,11,11,10,17,17,10,11,16,6,1,11,1,1,3,3,27.5,44.5,115,4.5,27.5,7.5,5,30.5,50.5,4.5,29.5,48.5,52.5,50.5,52.5,21,48.5,53.5,14.5,39.5,47.5,39,78.5,92.5
5b168549f6cef00001428386,0,35,20,20,20,16,16,16,17,15,14,20,11,16,17,16,20,14,11,17,17,11,16,11,16,14,14,2,23,43,145,4.5,24.5,17.5,11,39.5,43,9.5,24.5,30.5,22.5,43,97.5,19,30.5,50.5,9.5,24.5,47.5,9,39.5,59.5
5b3b5f13dd6af000014d2a68,0,55,18,17,17,16,15,16,17,15,16,15,13,11,17,16,14,16,16,14,13,6,11,8,4,7,7,5,30.5,50.5,145,5.5,24.5,17.5,11,33.5,56.5,7.5,29.5,30.5,22.5,59.5,67.5,9,39.5,62.5,14.5,29.5,62.5,33,60.5,80.5
5b47e287bc06c90001f8b67d,0,38,20,20,19,15,20,16,20,16,15,15,12,11,11,15,15,14,12,5,10,4,16,3,2,4,2,2,23,44.5,155,1,24.5,5,9,36.5,56.5,8.5,29.5,48.5,27.5,56.5,97.5,17,66.5,71.5,16.5,24.5,87.5,37,69.5,95.5
5b4a3ab1bc06c90001f902f4,1,40,18,17,17,17,15,13,17,16,17,14,11,11,13,15,14,17,9,11,14,11,13,6,8,4,6,5,30.5,50.5,135,5.5,27.5,17.5,9,30.5,59.5,9.5,29.5,42.5,27.5,59.5,52.5,23,48.5,59.5,9.5,27.5,72.5,25,69.5,83.5
5b59a51fca6d01000157a8c3,0,37,20,20,20,20,20,20,20,18,20,18,18,16,17,19,17,19,10,17,11,3,11,15,5,5,6,2,23,43,110,1,21,5,5,23,47.5,2.5,24.5,30.5,7.5,50.5,22.5,21,30.5,68.5,17.5,29.5,27.5,31,66.5,83.5
5b5e69947d7bdd0001132245,1,58,18,20,20,20,17,20,16,16,14,20,10,10,14,11,17,11,11,14,17,11,10,7,20,4,11,5,23,43,110,3.5,21,22.5,9,39.5,43,10.5,30.5,39.5,47.5,50.5,142.5,19,39.5,50.5,9.5,30.5,67.5,2,69.5,68.5
5b7467ea50075a0001107043,1,35,18,16,17,19,12,13,17,16,14,15,20,15,15,12,13,13,10,17,15,14,15,7,3,9,14,5,33.5,50.5,115,8.5,27.5,17.5,9,39.5,56.5,1,25.5,36.5,42.5,62.5,112.5,21,30.5,56.5,6.5,25.5,67.5,35,54.5,59.5
5b780cc655f12e0001b4d85a,0,52,16,19,17,16,11,16,18,16,16,8,9,11,15,11,15,11,15,11,16,4,15,11,11,2,1,9,24.5,50.5,145,9.5,24.5,12.5,9,33.5,77.5,11.5,29.5,36.5,47.5,56.5,142.5,11,48.5,53.5,16.5,25.5,47.5,19,75.5,98.5
5b8551bf8f9edf00013fce84,0,33,16,19,17,17,19,17,17,16,17,17,17,14,16,16,17,10,15,17,16,13,13,16,15,17,17,9,24.5,50.5,135,1.5,23.5,17.5,9,30.5,50.5,3.5,26.5,33.5,22.5,50.5,157.5,11,30.5,53.5,7.5,27.5,22.5,11,30.5,50.5
5b8a709614e8c6000104eafa,0,52,20,20,20,20,20,16,20,16,20,20,11,16,14,15,20,14,11,15,14,6,10,11,11,11,8,2,23,43,110,1,24.5,5,9,23,43,9.5,24.5,39.5,27.5,43,97.5,19,36.5,59.5,14.5,30.5,47.5,19,48.5,77.5
5b942e793fe4370001e627e0,0,69,18,18,18,18,17,15,18,16,16,16,11,11,11,11,11,11,6,5,9,4,6,4,2,2,3,5,27.5,47.5,125,3.5,25.5,12.5,9,33.5,53.5,9.5,29.5,48.5,47.5,68.5,142.5,29,66.5,74.5,16.5,34.5,82.5,37,75.5,92.5
5b9aed646a11180001a8082e,1,41,16,20,20,20,20,15,20,15,17,20,11,16,17,15,16,17,13,20,15,6,11,15,8,17,10,9,23,43,110,1,25.5,5,11,30.5,43,9.5,24.5,30.5,27.5,53.5,52.5,15,23,56.5,14.5,29.5,27.5,25,30.5,71.5
5b9d57e5737d030001ad2cbf,0,56,16,17,17,18,14,11,17,15,17,17,10,11,15,15,13,16,11,8,14,2,6,7,5,4,4,9,30.5,50.5,125,6.5,29.5,17.5,11,30.5,50.5,10.5,29.5,36.5,27.5,62.5,67.5,19,57.5,59.5,18.5,34.5,67.5,31,69.5,89.5
5bb0f624a1c73d0001b9d62d,0,30,17,18,17,15,15,14,17,14,17,15,17,13,13,16,17,17,16,13,11,16,8,15,8,5,8,7,27.5,50.5,155,5.5,26.5,17.5,13,30.5,56.5,3.5,27.5,42.5,22.5,50.5,52.5,9,42.5,68.5,4.5,32.5,27.5,25,66.5,77.5
5bb21a6ed14ec100019840fb,0,31,11,16,20,20,20,6,11,5,0,15,0,0,0,20,7,0,0,17,0,10,16,0,0,0,0,19,33.5,43,110,1,34.5,47.5,31,80,56.5,20,40,80,5,80.5,300,40,30.5,100,10.5,24.5,100,40,80,100
5bc26cf6e4ef1d00016ca6d5,0,43,20,20,20,20,20,20,16,16,20,20,11,20,14,11,15,13,6,7,9,3,2,3,2,4,2,2,23,43,110,1,21,22.5,9,23,43,9.5,21,39.5,47.5,56.5,112.5,29,60.5,74.5,17.5,38.5,87.5,37,69.5,95.5
5bc73b9f821054000181a853,0,54,19,19,20,19,17,16,19,18,18,18,16,14,18,18,17,18,16,12,17,10,15,14,16,6,14,3,24.5,43,115,3.5,24.5,7.5,5,27.5,47.5,4.5,26.5,27.5,12.5,50.5,37.5,9,45.5,50.5,10.5,25.5,32.5,9,63.5,59.5
5bcc34925ac43c0001992c0c,1,26,0,0,20,20,0,20,20,4,20,12,7,10,20,11,20,20,20,17,11,20,20,19,20,20,20,40,80,43,110,20,21,5,33,23,65.5,13.5,30.5,23,47.5,43,15,2,30.5,68.5,1,21,7.5,2,23,43
5bd0be5b2c109500017a5d4e,1,29,0,0,20,20,0,20,0,0,20,0,0,0,0,20,0,0,0,0,20,0,0,0,0,20,20,40,80,43,110,20,21,100,40,23,100,20,40,80,5,100,300,40,80,43,20,40,100,40,23,43
5bdeda9109e1b40001df5140,1,51,18,17,14,18,17,16,20,15,18,18,11,16,17,18,17,20,15,6,16,9,11,16,6,6,7,5,30.5,59.5,125,3.5,24.5,5,11,27.5,47.5,9.5,24.5,30.5,12.5,50.5,15,11,63.5,53.5,11.5,29.5,22.5,29,63.5,80.5
5be0bf8e292b64000169a165,1,57,20,20,20,17,20,20,20,15,20,17,12,16,17,17,16,13,20,13,13,10,6,6,8,6,11,2,23,43,135,1,21,5,11,23,50.5,8.5,24.5,30.5,17.5,53.5,112.5,2,42.5,62.5,10.5,34.5,72.5,25,63.5,68.5
5be9b18df5c1060001085048,0,38,12,20,19,20,10,20,16,8,19,20,11,14,20,14,17,17,16,18,19,7,20,18,7,14,20,17,23,44.5,110,10.5,21,22.5,25,24.5,43,9.5,26.5,23,32.5,50.5,52.5,9,27.5,44.5,13.5,21,12.5,27,39.5,43
5bf50c187ea49f0001ba734a,0,40,20,19,20,20,20,20,14,20,17,13,3,1,3,5,6,7,1,1,4,1,1,1,1,1,4,2,24.5,43,110,1,21,32.5,2,30.5,62.5,17.5,39.5,72.5,77.5,83.5,202.5,39,78.5,89.5,19.5,39.5,97.5,39,78.5,89.5
5bfa91cf26e31d00010462ed,0,64,20,18,19,19,20,19,18,15,16,13,11,12,14,11,11,11,6,6,6,2,3,3,2,4,10,2,27.5,44.5,115,1,21.5,12.5,11,33.5,62.5,9.5,28.5,39.5,47.5,68.5,142.5,29,63.5,83.5,18.5,37.5,87.5,37,69.5,71.5
5c082f1f66706a0001047bf2,1,25,20,18,18,20,16,15,18,20,18,20,11,15,18,16,17,20,15,14,17,11,11,17,11,14,17,2,27.5,47.5,110,4.5,25.5,12.5,2,27.5,43,9.5,25.5,27.5,22.5,50.5,15,11,39.5,50.5,9.5,29.5,17.5,19,39.5,50.5
5c16babf8e154d0001908b6e,1,35,18,17,20,20,17,19,20,15,20,20,11,19,20,20,20,14,6,14,16,18,6,3,6,4,6,5,30.5,43,110,3.5,21.5,5,11,23,43,9.5,21.5,23,5,43,97.5,29,39.5,53.5,2.5,34.5,87.5,29,69.5,83.5
5c28f32031d4ec0001e5083c,1,57,16,0,20,20,0,20,0,0,0,20,20,0,0,0,0,0,0,0,20,0,0,0,0,0,20,9,80,43,110,20,21,100,40,80,43,1,40,80,100,100,300,40,80,43,20,40,100,40,80,43
5c2b80f371d2760001eff037,1,44,20,20,20,20,20,20,20,20,20,20,11,20,20,20,20,15,0,20,20,10,0,11,10,0,20,2,23,43,110,1,21,5,2,23,43,9.5,21,23,5,43,82.5,40,23,43,10.5,40,47.5,21,80,43
5c33668916da980001530dab,0,65,16,17,17,20,11,10,18,15,16,15,10,9,12,16,17,18,12,18,11,5,9,10,12,6,9,9,30.5,50.5,110,9.5,30.5,12.5,11,33.5,56.5,10.5,31.5,45.5,22.5,50.5,37.5,17,27.5,68.5,15.5,31.5,52.5,17,63.5,74.5
5c351b21d4ae620001d3ee01,1,42,15,17,17,20,15,20,16,15,17,20,15,15,14,15,17,15,15,11,14,5,10,7,10,10,6,11,30.5,50.5,110,5.5,21,22.5,11,30.5,43,5.5,25.5,39.5,27.5,50.5,82.5,11,48.5,59.5,15.5,30.5,67.5,21,51.5,83.5
5c3b990cd5a11f00013591b7,1,34,17,20,17,18,17,17,16,17,7,16,10,13,17,16,17,15,11,11,12,5,20,16,4,13,6,7,23,50.5,125,3.5,23.5,22.5,7,60.5,53.5,10.5,27.5,30.5,22.5,50.5,82.5,19,48.5,65.5,15.5,21,22.5,33,42.5,83.5
5c421f394fe4f800016e0112,1,51,19,20,19,19,18,17,18,16,17,19,11,11,14,11,17,11,6,7,4,3,3,3,3,2,2,3,23,44.5,115,2.5,23.5,12.5,9,30.5,44.5,9.5,29.5,39.5,47.5,50.5,142.5,29,60.5,89.5,17.5,37.5,87.5,35,75.5,95.5
5c43750c26217400018c1d69,1,26,20,20,20,20,20,17,20,17,18,16,16,13,15,15,18,16,6,10,11,3,5,3,2,4,6,2,23,43,110,1,23.5,5,7,27.5,53.5,4.5,27.5,36.5,27.5,47.5,67.5,29,51.5,68.5,17.5,35.5,87.5,37,69.5,83.5
5c635a08e30ff200016badb9,0,55,18,19,19,19,16,18,17,16,17,18,12,17,15,15,16,17,8,10,13,6,11,5,4,5,2,5,24.5,44.5,115,4.5,22.5,17.5,9,30.5,47.5,8.5,23.5,36.5,27.5,53.5,52.5,25,51.5,62.5,14.5,29.5,77.5,33,66.5,95.5
5c6453fbe4fd44000167bfed,1,46,18,16,20,17,18,15,17,16,17,20,10,20,13,13,11,13,15,14,16,11,11,17,10,11,11,5,33.5,43,135,2.5,25.5,17.5,9,30.5,43,10.5,21,42.5,37.5,68.5,112.5,11,39.5,53.5,9.5,29.5,17.5,21,48.5,68.5
5c6b23a6076e4e0001292f53,1,51,14,17,20,20,15,15,17,15,17,20,5,11,14,13,17,16,11,7,14,1,2,5,5,4,4,13,30.5,43,110,5.5,25.5,17.5,11,30.5,43,15.5,29.5,39.5,37.5,50.5,67.5,19,60.5,59.5,19.5,38.5,77.5,31,69.5,89.5
5c79c84a54c5d600175fd005,1,62,17,17,20,20,16,11,17,13,14,14,11,11,14,15,14,14,9,11,14,6,11,8,7,4,6,7,30.5,43,110,4.5,29.5,17.5,15,39.5,59.5,9.5,29.5,39.5,27.5,59.5,97.5,23,48.5,59.5,14.5,29.5,62.5,27,69.5,83.5
5c7d99958a346200123436ff,1,52,15,14,14,16,10,11,15,13,14,14,11,10,14,14,14,14,11,8,10,9,9,7,6,6,6,11,39.5,59.5,145,10.5,29.5,27.5,15,39.5,59.5,9.5,30.5,39.5,32.5,59.5,97.5,19,57.5,71.5,11.5,31.5,67.5,29,63.5,83.5
5c8123c4366cb20001280842,0,23,16,17,19,16,19,15,19,19,17,17,15,11,11,16,11,14,16,9,7,10,11,11,11,4,11,9,30.5,44.5,145,1.5,25.5,7.5,3,30.5,50.5,5.5,29.5,48.5,22.5,68.5,97.5,9,54.5,80.5,10.5,29.5,47.5,19,69.5,68.5
5c81316c3447c9000142f631,1,34,16,16,18,15,12,15,17,11,16,17,11,16,16,16,17,18,7,15,14,10,6,8,8,12,14,9,33.5,47.5,155,8.5,25.5,17.5,19,33.5,50.5,9.5,24.5,33.5,22.5,50.5,37.5,27,36.5,59.5,10.5,34.5,62.5,25,45.5,59.5
5c87e674c558df0014565c72,0,47,16,18,17,20,11,11,18,16,17,17,15,15,17,15,14,14,15,17,17,6,13,11,14,7,18,9,27.5,50.5,110,9.5,29.5,12.5,9,30.5,50.5,5.5,25.5,30.5,27.5,59.5,97.5,11,30.5,50.5,14.5,27.5,47.5,13,60.5,47.5
5c8ad6fb3b6f3d00013d7ab1,1,50,19,18,17,18,2,17,18,15,18,10,8,10,8,13,14,14,8,11,9,8,10,4,9,10,6,3,27.5,50.5,125,18.5,23.5,12.5,11,27.5,71.5,12.5,30.5,57.5,37.5,59.5,97.5,25,48.5,74.5,12.5,30.5,82.5,23,51.5,83.5
5c993969c6d15000019bbc4f,1,37,0,0,0,0,0,0,0,0,0,0,0,0,0,0,0,0,0,0,0,0,0,0,0,0,0,40,80,100,300,20,40,100,40,80,100,20,40,80,100,100,300,40,80,100,20,40,100,40,80,100
5caa178ffd086000016dd2d3,0,41,20,20,20,20,11,20,19,8,20,20,20,20,11,10,17,20,8,2,9,11,8,18,1,0,20,2,23,43,110,9.5,21,7.5,25,23,43,1,21,48.5,52.5,50.5,15,25,75.5,74.5,9.5,32.5,12.5,39,80,43
5cbcc928ec9b730018bad2a9,1,23,0,1,13,20,0,2,0,0,4,14,0,20,9,0,7,15,6,15,15,0,10,8,6,11,15,40,78.5,62.5,110,20,38.5,100,40,69.5,59.5,20,21,54.5,100,80.5,82.5,29,36.5,56.5,20,30.5,62.5,29,48.5,56.5
5cc5c31a89c84a0001377a39,1,51,11,20,17,20,9,16,13,8,14,15,7,11,11,11,9,11,8,6,20,4,7,8,6,9,9,19,23,50.5,110,11.5,24.5,37.5,25,39.5,56.5,13.5,29.5,48.5,47.5,74.5,142.5,25,63.5,43,16.5,33.5,62.5,29,54.5,74.5
5ccef4423f15b900199e1ec3,1,50,19,19,19,19,16,18,18,18,17,16,16,11,16,16,14,15,16,6,11,6,6,9,3,3,3,3,24.5,44.5,115,4.5,22.5,12.5,5,30.5,53.5,4.5,29.5,33.5,22.5,59.5,82.5,9,63.5,68.5,14.5,34.5,57.5,35,72.5,92.5
5cd801d431d19f0019425e2e,1,43,17,17,15,17,17,16,18,16,16,15,10,12,12,16,13,17,12,13,13,6,16,5,15,14,11,7,30.5,56.5,135,3.5,24.5,12.5,9,33.5,56.5,10.5,28.5,45.5,22.5,62.5,52.5,17,42.5,62.5,14.5,24.5,77.5,11,39.5,68.5
5ce1aee8a80ce000014ae0f5,1,52,16,12,20,19,11,19,19,10,17,18,11,10,15,17,20,19,8,15,15,6,11,13,9,1,20,9,45.5,43,115,9.5,21.5,7.5,21,30.5,47.5,9.5,30.5,36.5,17.5,43,22.5,25,36.5,56.5,14.5,29.5,37.5,23,78.5,43
5ce9b0e4be5a6b00163f6870,0,56,17,19,18,16,18,16,19,19,18,18,15,10,16,19,14,17,12,14,15,12,11,16,8,12,9,7,24.5,47.5,145,2.5,24.5,7.5,3,27.5,47.5,5.5,30.5,33.5,7.5,59.5,52.5,17,39.5,56.5,8.5,29.5,22.5,25,45.5,74.5
5ceecd8f12495000011572be,0,53,19,19,20,20,17,19,18,13,17,17,11,14,14,16,16,14,8,15,10,6,7,6,1,3,4,3,24.5,43,110,3.5,21.5,12.5,15,30.5,50.5,9.5,26.5,39.5,22.5,53.5,97.5,25,36.5,71.5,14.5,33.5,72.5,39,72.5,89.5
5cf0e467027fc1001560c7ff,0,63,18,17,17,15,19,18,19,17,16,19,15,11,15,15,12,14,8,15,14,14,11,7,8,18,13,5,30.5,50.5,155,1.5,22.5,7.5,7,33.5,44.5,5.5,29.5,36.5,27.5,65.5,97.5,25,36.5,59.5,6.5,29.5,67.5,25,27.5,62.5
5d02c0e382e4f00001aa20cd,1,52,19,18,19,19,16,15,17,15,19,17,10,16,14,14,16,12,5,11,17,7,12,14,5,17,17,3,27.5,44.5,115,4.5,25.5,17.5,11,24.5,50.5,10.5,24.5,39.5,32.5,53.5,127.5,31,48.5,50.5,13.5,28.5,32.5,31,30.5,50.5
5d04c56a0b54cc0001dad608,1,63,20,20,20,20,14,20,16,16,17,20,15,16,14,13,16,15,16,11,14,7,8,11,9,9,7,2,23,43,110,6.5,21,22.5,9,30.5,43,5.5,24.5,39.5,37.5,53.5,82.5,9,48.5,59.5,13.5,32.5,47.5,23,54.5,80.5
5d12ce9596919a0019367dd4,0,45,16,16,18,18,15,12,17,16,13,11,11,9,13,15,15,14,10,9,14,6,7,9,4,5,5,9,33.5,47.5,125,5.5,28.5,17.5,9,42.5,68.5,9.5,31.5,42.5,27.5,56.5,97.5,21,54.5,59.5,14.5,33.5,57.5,33,66.5,86.5
5d150669b296b500187df8f9,1,61,17,20,20,20,11,16,18,16,19,17,10,20,20,15,20,11,16,17,16,10,15,11,13,14,12,7,23,43,110,9.5,24.5,12.5,9,24.5,50.5,10.5,21,23,27.5,43,142.5,9,30.5,53.5,10.5,25.5,47.5,15,39.5,65.5
5d1904fd8b97090001215bdf,1,55,16,20,20,20,15,15,19,14,17,19,16,15,18,16,20,17,16,18,10,10,11,7,11,5,9,9,23,43,110,5.5,25.5,7.5,13,30.5,44.5,4.5,25.5,27.5,22.5,43,52.5,9,27.5,71.5,10.5,29.5,67.5,19,66.5,74.5
5d190e1c686b190018ea4d86,1,36,16,14,16,11,16,16,20,15,11,18,11,10,7,20,14,16,5,14,9,11,10,5,6,4,9,9,39.5,53.5,195,4.5,24.5,5,11,48.5,47.5,9.5,30.5,60.5,5,59.5,67.5,31,39.5,74.5,9.5,30.5,77.5,29,69.5,74.5
5d1e3a4851bab9000116226f,0,42,16,20,20,20,15,20,14,16,18,20,6,20,14,15,20,17,10,17,20,15,10,6,6,7,17,9,23,43,110,5.5,21,32.5,9,27.5,43,14.5,21,39.5,27.5,43,52.5,21,30.5,43,5.5,30.5,72.5,29,60.5,50.5
5d21aed085192700013a5282,0,64,0,17,20,20,20,0,20,0,15,16,20,17,20,20,14,20,20,19,20,20,20,20,20,0,20,40,30.5,43,110,1,40,5,40,36.5,53.5,1,23.5,23,5,59.5,15,2,24.5,43,1,21,5,2,80,43
5d24832b38abb10001aff2e7,0,64,17,19,19,19,17,18,18,16,16,16,11,11,11,7,11,12,6,6,6,3,3,5,2,2,2,7,24.5,44.5,115,3.5,22.5,12.5,9,33.5,53.5,9.5,29.5,48.5,67.5,68.5,127.5,29,63.5,83.5,17.5,37.5,77.5,37,75.5,95.5
5d30559f95d88f0019378e9c,0,39,18,19,18,17,19,16,19,15,16,15,12,15,15,15,17,15,15,14,13,5,9,6,4,9,7,5,24.5,47.5,135,1.5,24.5,7.5,11,33.5,56.5,8.5,25.5,36.5,27.5,50.5,82.5,11,39.5,62.5,15.5,31.5,72.5,33,54.5,80.5
5d4d9ea8c088850019ec5b32,1,48,20,20,0,0,20,0,20,20,20,20,20,20,20,20,20,20,20,20,20,20,20,20,20,20,20,2,23,100,300,1,40,5,2,23,43,1,21,23,5,43,15,2,23,43,1,21,5,2,23,43
5d5a75c570a7c1000152623e,0,38,20,19,20,20,19,19,19,16,16,16,11,11,11,11,11,11,6,6,6,3,3,3,2,2,2,2,24.5,43,110,1.5,21.5,7.5,9,33.5,53.5,9.5,29.5,48.5,47.5,68.5,142.5,29,63.5,83.5,17.5,37.5,87.5,37,75.5,95.5
5d5e66b3844f160001f24150,1,64,17,17,18,19,12,16,17,14,16,16,11,15,15,12,14,13,9,12,14,5,8,6,5,2,4,7,30.5,47.5,115,8.5,24.5,17.5,13,33.5,53.5,9.5,25.5,36.5,42.5,59.5,112.5,23,45.5,59.5,15.5,32.5,72.5,31,75.5,89.5
5d68c8aa40524c00189e8ac2,0,32,20,20,20,20,20,20,20,20,20,19,20,11,14,11,17,20,11,11,11,11,5,7,6,7,7,2,23,43,110,1,21,5,2,23,44.5,1,29.5,39.5,47.5,50.5,15,19,48.5,68.5,9.5,35.5,67.5,29,60.5,80.5
5d6bfd6f3a9682001bd62534,1,49,17,18,17,17,10,13,18,12,16,11,7,6,14,18,17,16,12,11,4,6,5,7,3,11,6,7,27.5,50.5,135,10.5,27.5,12.5,17,33.5,68.5,13.5,34.5,39.5,12.5,50.5,67.5,17,48.5,89.5,14.5,35.5,67.5,35,48.5,83.5
5d6d953846ef42001504fb39,1,31,20,17,20,17,20,16,20,17,14,17,9,9,12,16,15,15,10,16,14,3,9,4,4,11,8,2,30.5,43,135,1,24.5,5,7,39.5,50.5,11.5,31.5,45.5,22.5,56.5,82.5,21,33.5,59.5,17.5,31.5,82.5,33,48.5,77.5
5d776e218a8d1d00166d36a6,0,32,15,18,17,15,15,15,18,20,16,16,12,17,15,15,15,17,13,10,14,5,9,8,2,2,4,11,27.5,50.5,155,5.5,25.5,12.5,2,33.5,53.5,8.5,23.5,36.5,27.5,56.5,52.5,15,51.5,59.5,15.5,31.5,62.5,37,75.5,89.5
5d7824b816dea6000130d65f,1,54,20,20,20,20,20,20,18,9,14,20,12,20,16,13,17,8,6,4,9,3,5,4,2,2,3,2,23,43,110,1,21,12.5,23,39.5,43,8.5,21,33.5,37.5,50.5,187.5,29,69.5,74.5,17.5,35.5,82.5,37,75.5,92.5
5d852156e125a10001e35a8d,0,54,17,20,16,20,16,13,17,15,16,17,16,15,11,17,17,17,13,17,16,4,7,7,15,14,11,7,23,53.5,110,4.5,27.5,17.5,11,33.5,50.5,4.5,25.5,48.5,17.5,50.5,52.5,15,30.5,53.5,16.5,33.5,67.5,11,39.5,68.5
5d87a74208667b0001eff922,0,53,20,16,17,20,14,20,16,11,17,20,10,15,15,12,17,12,8,7,15,7,9,7,6,6,9,2,33.5,50.5,110,6.5,21,22.5,19,30.5,43,10.5,25.5,36.5,42.5,50.5,127.5,25,60.5,56.5,13.5,31.5,67.5,29,63.5,74.5
5da6b2aca2860400146b8ace,0,50,19,19,17,19,18,16,18,16,17,17,12,11,11,11,12,12,7,4,8,6,6,5,4,4,4,3,24.5,50.5,115,2.5,24.5,12.5,9,30.5,50.5,8.5,29.5,48.5,47.5,65.5,127.5,27,69.5,77.5,14.5,34.5,77.5,33,69.5,89.5
5da74713c2a70a0015a1297b,0,46,20,20,20,0,20,20,20,19,6,11,0,0,0,0,20,0,0,20,14,20,20,0,0,20,0,2,23,43,300,1,21,5,3,63.5,68.5,20,40,80,100,43,300,40,23,59.5,1,21,100,40,23,100
5daa50967776b10016e1bc9b,0,36,18,18,17,17,18,14,18,8,15,14,10,14,13,11,10,11,9,12,10,6,5,6,2,4,3,5,27.5,50.5,135,2.5,26.5,12.5,25,36.5,59.5,10.5,26.5,42.5,47.5,71.5,142.5,23,45.5,71.5,14.5,35.5,72.5,37,69.5,92.5
5dbc9261741450232111d080,1,32,16,17,17,20,15,20,17,13,14,14,5,9,17,15,15,14,8,7,17,5,10,6,6,4,2,9,30.5,50.5,110,5.5,21,17.5,15,39.5,59.5,15.5,31.5,30.5,27.5,56.5,97.5,25,60.5,50.5,15.5,30.5,72.5,29,69.5,95.5
5dc71b96d210e45213e92359,0,44,18,18,18,17,18,16,18,16,13,16,15,16,14,15,14,16,11,12,14,6,9,6,6,4,7,5,27.5,47.5,135,2.5,24.5,12.5,9,42.5,53.5,5.5,24.5,39.5,27.5,59.5,67.5,19,45.5,59.5,14.5,31.5,72.5,29,69.5,80.5
5dcff3985a40f20f62df1f48,1,37,16,15,16,20,11,11,18,11,17,17,9,16,11,11,14,11,6,4,11,5,11,5,3,5,4,9,36.5,53.5,110,9.5,29.5,12.5,19,30.5,50.5,11.5,24.5,48.5,47.5,59.5,142.5,29,69.5,68.5,15.5,29.5,77.5,35,66.5,89.5
5de78a8e36d8257071f28d9f,0,59,19,19,20,16,18,16,19,15,18,16,15,15,11,16,14,11,10,13,7,3,9,9,3,5,4,3,24.5,43,145,2.5,24.5,7.5,11,27.5,53.5,5.5,25.5,48.5,22.5,59.5,142.5,21,42.5,80.5,17.5,31.5,57.5,35,66.5,89.5
5dea6cdd245a4617ff0cba9e,0,36,20,20,20,17,20,16,20,20,18,15,10,15,6,15,16,17,15,13,4,1,1,5,6,11,1,2,23,43,135,1,24.5,5,2,27.5,56.5,10.5,25.5,63.5,27.5,53.5,52.5,11,42.5,89.5,19.5,39.5,77.5,29,48.5,98.5
5decc61a488cde39be161a91,0,63,15,14,18,20,18,17,17,9,15,17,13,11,14,11,12,15,9,14,18,11,15,13,5,13,12,11,39.5,47.5,110,2.5,23.5,17.5,23,36.5,50.5,7.5,29.5,39.5,47.5,65.5,82.5,23,39.5,47.5,9.5,25.5,37.5,31,42.5,65.5
5deebd169b8f245615d59507,0,61,20,20,20,11,15,11,20,20,20,20,11,1,17,20,17,20,16,20,20,11,20,20,20,1,20,2,23,43,195,5.5,29.5,5,2,23,43,9.5,39.5,30.5,5,50.5,15,9,23,43,9.5,21,5,2,78.5,43
5dfedfbb557425b599c8c523,1,55,20,20,20,20,15,19,18,19,18,17,18,15,17,17,20,18,13,17,17,10,15,16,10,16,11,2,23,43,110,5.5,21.5,12.5,3,27.5,50.5,2.5,25.5,30.5,17.5,43,37.5,15,30.5,50.5,10.5,25.5,22.5,21,33.5,68.5
5e0dd8d94cac685279492212,1,37,20,20,20,20,18,15,20,18,20,20,15,20,20,18,11,18,11,20,20,1,15,3,6,6,4,2,23,43,110,2.5,25.5,5,5,23,43,5.5,21,23,12.5,68.5,37.5,19,23,43,19.5,25.5,87.5,29,63.5,89.5
5e13859753e8469d270982c0,0,35,16,20,17,19,11,19,19,16,19,17,11,20,17,15,14,19,16,19,19,15,16,13,11,15,17,9,23,50.5,115,9.5,21.5,7.5,9,24.5,50.5,9.5,21,30.5,27.5,59.5,22.5,9,24.5,44.5,5.5,24.5,37.5,19,36.5,50.5
5e1ce5942923360769c7af3a,0,33,20,19,20,20,18,20,20,16,17,16,12,10,9,12,12,15,9,9,10,6,5,5,2,4,4,2,24.5,43,110,2.5,21,5,9,30.5,53.5,8.5,30.5,54.5,42.5,65.5,82.5,23,54.5,71.5,14.5,35.5,77.5,37,69.5,89.5
5e1e6eccd727e91c36a943fd,0,48,18,19,16,20,19,10,19,15,14,17,13,11,7,11,13,12,8,9,7,7,12,6,7,3,7,5,24.5,53.5,110,1.5,30.5,7.5,11,39.5,50.5,7.5,29.5,60.5,47.5,62.5,127.5,25,54.5,80.5,13.5,28.5,72.5,27,72.5,80.5
5e32db8f239ceb2a8e57d928,0,31,16,11,11,11,13,11,15,6,11,7,11,11,11,11,11,11,11,11,11,11,11,5,6,6,6,9,48.5,68.5,195,7.5,29.5,27.5,29,48.5,80.5,9.5,29.5,48.5,47.5,68.5,142.5,19,48.5,68.5,9.5,29.5,77.5,29,63.5,83.5
5e36f262185582000ae281b4,1,56,16,19,20,20,20,20,19,18,20,20,15,20,20,17,20,19,11,20,20,13,11,16,16,20,18,9,24.5,43,110,1,21,7.5,5,23,43,5.5,21,23,17.5,43,22.5,19,23,43,7.5,29.5,22.5,9,23,47.5
5e3891a0ffe78b000a8a4124,0,55,20,20,20,20,19,19,19,16,16,16,11,11,11,11,11,11,6,6,6,3,3,3,2,2,2,2,23,43,110,1.5,21.5,7.5,9,33.5,53.5,9.5,29.5,48.5,47.5,68.5,142.5,29,63.5,83.5,17.5,37.5,87.5,37,75.5,95.5
5e39dfdc54fca708912dfab5,0,59,5,10,4,6,12,7,2,7,9,9,5,9,7,4,9,10,8,8,9,7,8,5,6,2,7,31,51.5,89.5,245,8.5,33.5,92.5,27,54.5,74.5,15.5,31.5,60.5,82.5,74.5,157.5,25,57.5,74.5,13.5,32.5,77.5,29,75.5,80.5
5e3e14086704e80977b7d715,1,34,15,19,20,19,16,19,20,16,16,16,10,5,11,20,20,10,6,11,0,6,4,3,9,5,0,11,24.5,43,115,4.5,21.5,5,9,33.5,53.5,10.5,35.5,48.5,5,43,157.5,29,48.5,100,14.5,36.5,87.5,23,66.5,100
5e3f04fdb721da159417a725,1,53,15,15,16,16,16,16,17,16,14,16,13,11,13,13,16,13,11,11,14,11,11,9,6,4,7,11,36.5,53.5,145,4.5,24.5,17.5,9,39.5,53.5,7.5,29.5,42.5,37.5,53.5,112.5,19,48.5,59.5,9.5,29.5,57.5,29,69.5,80.5
5e53df2d8b62b33daf126ecd,1,48,16,17,20,16,13,15,14,16,14,13,11,6,14,11,11,13,11,11,11,4,11,7,3,4,4,9,30.5,43,145,7.5,25.5,32.5,9,39.5,62.5,9.5,34.5,39.5,47.5,68.5,112.5,19,48.5,68.5,16.5,29.5,67.5,35,69.5,89.5
5e7dfc715acd1402882e93eb,0,58,19,20,20,20,19,19,20,18,19,19,16,16,19,19,19,18,16,17,18,12,16,15,6,14,17,3,23,43,110,1.5,21.5,5,5,24.5,44.5,4.5,24.5,24.5,7.5,44.5,37.5,9,30.5,47.5,8.5,24.5,27.5,29,39.5,50.5
5e84efb71d17ad0c8430495a,1,24,20,20,20,20,19,19,19,16,16,16,11,11,11,11,11,11,6,6,6,3,3,3,2,2,2,2,23,43,110,1.5,21.5,7.5,9,33.5,53.5,9.5,29.5,48.5,47.5,68.5,142.5,29,63.5,83.5,17.5,37.5,87.5,37,75.5,95.5
5e8c8ca021b0af01c8e13022,0,27,9,20,16,16,10,9,12,7,13,13,6,16,11,11,15,13,10,10,16,6,11,12,8,10,18,23,23,53.5,145,10.5,31.5,42.5,27,42.5,62.5,14.5,24.5,48.5,47.5,56.5,112.5,21,51.5,53.5,14.5,29.5,42.5,25,51.5,47.5
5e8df7e8ae7a8007d30505e1,0,27,16,16,13,15,16,16,17,11,15,14,11,16,15,17,14,13,10,17,16,16,14,6,11,16,16,9,33.5,62.5,155,4.5,24.5,17.5,19,36.5,59.5,9.5,24.5,36.5,17.5,59.5,112.5,21,30.5,53.5,4.5,26.5,72.5,19,33.5,53.5
5e8f89db8ed06f27d73030ae,1,46,20,20,20,20,19,19,19,16,16,16,11,11,7,11,11,11,6,6,6,3,3,2,1,0,2,2,23,43,110,1.5,21.5,7.5,9,33.5,53.5,9.5,29.5,60.5,47.5,68.5,142.5,29,63.5,83.5,17.5,37.5,92.5,39,80,95.5
5ea166af93435d0008a8a341,0,69,20,20,20,20,19,20,19,17,18,20,12,15,13,13,13,13,8,12,11,7,9,6,6,6,7,2,23,43,110,1.5,21,7.5,7,27.5,43,8.5,25.5,42.5,37.5,62.5,112.5,25,45.5,68.5,13.5,31.5,72.5,29,63.5,80.5
5ea180ae34f3aa0319313965,0,35,8,6,9,9,20,20,5,4,20,20,0,1,6,20,11,20,4,4,9,0,1,4,20,0,15,25,63.5,74.5,215,1,21,77.5,33,23,43,20,39.5,63.5,5,68.5,15,33,69.5,74.5,20,39.5,82.5,2,80,56.5
5ea59ffb9325e15853a82d84,1,46,19,20,20,20,20,20,18,16,15,17,18,15,17,16,11,14,15,16,16,10,9,11,6,11,6,3,23,43,110,1,21,12.5,9,36.5,50.5,2.5,25.5,30.5,22.5,68.5,97.5,11,33.5,53.5,10.5,31.5,47.5,29,48.5,83.5
5ea7e9f15bc7011d31958608,1,56,20,17,7,20,20,0,18,5,20,20,10,8,13,13,14,16,6,8,16,1,7,20,9,20,6,2,30.5,80.5,110,1,40,12.5,31,23,43,10.5,32.5,42.5,37.5,59.5,67.5,29,57.5,53.5,19.5,33.5,5,23,23,83.5
5ea9e36155624e14a9a64525,1,34,16,18,17,18,15,11,18,17,17,16,11,15,16,17,17,17,16,16,18,11,11,11,6,5,11,9,27.5,50.5,125,5.5,29.5,12.5,7,30.5,53.5,9.5,25.5,33.5,17.5,50.5,52.5,9,33.5,47.5,9.5,29.5,47.5,29,66.5,68.5
5eaa96b3baf147000874351f,1,42,17,19,17,18,10,20,20,15,18,20,11,11,15,11,16,8,11,16,11,3,0,3,5,3,7,7,24.5,50.5,125,10.5,21,5,11,27.5,43,9.5,29.5,36.5,47.5,53.5,187.5,19,33.5,68.5,17.5,40,87.5,31,72.5,80.5
5eac3c1950fecd25d2d6d5ed,0,44,0,0,0,0,0,0,0,0,0,0,0,0,0,0,0,0,0,0,0,0,0,0,0,0,0,40,80,100,300,20,40,100,40,80,100,20,40,80,100,100,300,40,80,100,20,40,100,40,80,100
5eaecfd15d572404569a81ff,1,25,20,20,20,20,18,20,20,20,20,20,18,20,20,17,20,20,18,20,20,1,10,13,15,20,17,2,23,43,110,2.5,21,5,2,23,43,2.5,21,23,17.5,43,15,5,23,43,19.5,30.5,37.5,11,23,50.5
5eb3d22ffa15221c2e0117c5,0,21,16,20,20,20,10,16,17,7,16,14,11,6,14,15,13,14,10,10,14,1,3,3,1,2,1,9,23,43,110,10.5,24.5,17.5,27,33.5,59.5,9.5,34.5,39.5,27.5,62.5,97.5,21,51.5,59.5,19.5,37.5,87.5,39,75.5,98.5
5ebac054d63dde03790ceef8,1,31,20,18,17,13,17,12,18,14,11,15,10,15,16,20,16,14,11,16,14,20,20,1,1,20,15,2,27.5,50.5,175,3.5,28.5,12.5,13,48.5,56.5,10.5,25.5,33.5,5,53.5,97.5,19,33.5,59.5,1,21,97.5,39,23,56.5
5ebbea369da72a018c463ed4,1,46,20,16,20,20,20,20,20,20,20,20,20,20,20,11,20,20,20,20,20,20,20,20,1,20,20,2,33.5,43,110,1,21,5,2,23,43,1,21,23,47.5,43,15,2,23,43,1,21,5,39,23,43
5ec3c9ad964c0a062aaf5659,0,49,19,18,15,20,0,20,20,16,17,16,16,16,17,15,16,15,15,11,11,6,0,3,5,3,4,3,27.5,56.5,110,20,21,5,9,30.5,53.5,4.5,24.5,30.5,27.5,53.5,82.5,11,48.5,68.5,14.5,40,87.5,31,72.5,89.5
5ecacebe05a9076130fdf38c,0,31,20,19,18,19,20,15,18,15,17,14,12,12,14,11,12,11,6,6,11,6,6,2,2,2,3,2,24.5,47.5,115,1,25.5,12.5,11,30.5,59.5,8.5,28.5,39.5,47.5,65.5,142.5,29,63.5,68.5,14.5,34.5,92.5,37,75.5,92.5
5ecf9b46617a9b3dd56b3fe3,0,77,20,13,20,20,6,13,18,15,20,20,10,1,11,11,12,18,11,11,7,5,1,3,1,4,7,2,42.5,43,110,14.5,27.5,12.5,11,23,43,10.5,39.5,48.5,47.5,65.5,37.5,19,48.5,80.5,15.5,39.5,87.5,39,69.5,80.5
5ede96d4334831121745dcd6,0,52,16,20,11,20,20,11,20,16,19,16,11,11,14,10,20,4,1,4,1,5,1,1,13,4,20,9,23,68.5,110,1,29.5,5,9,24.5,53.5,9.5,29.5,39.5,52.5,43,247.5,39,69.5,98.5,15.5,39.5,97.5,15,69.5,43
5edeea354d54cb1a825aa8f9,0,45,18,17,17,20,15,15,20,20,15,15,11,11,11,13,14,15,11,14,11,1,6,7,6,4,1,5,30.5,50.5,110,5.5,25.5,5,2,36.5,56.5,9.5,29.5,48.5,37.5,59.5,82.5,19,39.5,68.5,19.5,34.5,67.5,29,69.5,98.5
5edf9681b8a6fc2722574db5,1,47,17,17,20,10,15,20,19,14,18,20,10,11,12,18,16,8,8,15,12,6,7,10,2,5,6,7,30.5,43,205,5.5,21,7.5,13,27.5,43,10.5,29.5,45.5,12.5,53.5,187.5,25,36.5,65.5,14.5,33.5,52.5,37,66.5,83.5
5ee1216a2a8a214e2ac6fb8b,1,63,11,17,18,20,11,6,14,15,20,17,11,20,14,11,17,15,11,6,17,1,0,6,1,4,4,19,30.5,47.5,110,9.5,34.5,32.5,11,23,50.5,9.5,21,39.5,47.5,50.5,82.5,19,63.5,50.5,19.5,40,72.5,39,69.5,89.5
5ee167bb5b9407188fc9f15f,1,29,15,18,17,16,17,15,17,16,15,15,13,15,8,14,15,17,9,6,11,11,20,5,16,8,6,11,27.5,50.5,145,3.5,25.5,17.5,9,36.5,56.5,7.5,25.5,57.5,32.5,56.5,52.5,23,63.5,68.5,9.5,21,77.5,9,57.5,83.5
5ee4c4b42c280d1cd26cfe3d,0,70,16,19,18,19,16,16,18,18,17,17,12,11,17,14,9,14,16,13,17,13,15,14,15,9,14,9,24.5,47.5,115,4.5,24.5,12.5,5,30.5,50.5,8.5,29.5,30.5,32.5,74.5,97.5,9,42.5,50.5,7.5,25.5,32.5,11,54.5,59.5
5ee7c48852b956087468ad8b,0,38,19,19,17,15,18,15,18,16,15,14,13,9,9,12,9,9,4,6,8,3,2,3,3,4,2,3,24.5,50.5,155,2.5,25.5,12.5,9,36.5,59.5,7.5,31.5,54.5,42.5,74.5,172.5,33,63.5,77.5,17.5,38.5,87.5,35,69.5,95.5
5ee9c1405f0f48365179916d,0,37,19,15,20,20,16,19,20,14,16,14,13,13,20,14,17,18,7,14,20,8,17,8,11,14,15,3,36.5,43,110,4.5,21.5,5,13,33.5,59.5,7.5,27.5,23,32.5,50.5,37.5,27,39.5,43,12.5,23.5,62.5,19,39.5,56.5
5eea5e9ee0d561140ff250a1,0,41,19,20,20,20,20,17,20,16,15,15,10,14,15,13,14,13,6,6,7,3,3,1,1,1,1,3,23,43,110,1,23.5,5,9,36.5,56.5,10.5,26.5,36.5,37.5,59.5,112.5,29,63.5,80.5,17.5,37.5,97.5,39,78.5,98.5
5ef3bdbee9ae7a16241451c1,0,34,17,20,14,20,14,20,15,12,11,20,11,20,20,15,16,15,6,13,9,4,6,5,1,4,6,7,23,59.5,110,6.5,21,27.5,17,48.5,43,9.5,21,23,27.5,53.5,82.5,29,42.5,74.5,16.5,34.5,77.5,39,69.5,83.5
5efa27ec1c76730eff3dad8e,1,25,16,20,20,20,11,11,17,13,13,20,11,15,14,16,16,14,16,11,14,6,11,11,11,11,14,9,23,43,110,9.5,29.5,17.5,15,42.5,43,9.5,25.5,39.5,22.5,53.5,97.5,9,48.5,59.5,14.5,29.5,47.5,19,48.5,59.5
5efb49177e130c0785b93842,1,29,0,11,11,7,15,11,11,8,10,9,10,9,10,10,11,14,11,9,9,20,13,11,10,12,11,40,48.5,68.5,235,5.5,29.5,47.5,25,51.5,74.5,10.5,31.5,51.5,52.5,68.5,97.5,19,54.5,74.5,1,27.5,47.5,21,45.5,68.5
5efe20bbc05e8610f47600f7,0,30,16,20,20,16,11,16,16,13,20,9,8,1,10,14,1,14,9,19,12,10,5,5,1,1,11,9,23,43,145,9.5,24.5,22.5,15,23,74.5,12.5,39.5,51.5,32.5,98.5,97.5,23,24.5,65.5,10.5,35.5,77.5,39,78.5,68.5
5eff425e122196491e024bc4,0,34,20,16,17,11,17,16,18,18,17,20,12,8,11,17,11,11,16,9,10,9,5,6,4,3,5,2,33.5,50.5,195,3.5,24.5,12.5,5,30.5,43,8.5,32.5,48.5,17.5,68.5,142.5,9,54.5,71.5,11.5,35.5,72.5,33,72.5,86.5
5f0766baa1aa2f12767758cd,0,67,13,20,20,20,16,17,17,12,18,17,20,11,13,16,15,11,8,12,20,16,15,9,9,7,14,15,23,43,110,4.5,23.5,17.5,17,27.5,50.5,1,29.5,42.5,22.5,56.5,142.5,25,45.5,43,4.5,25.5,57.5,23,60.5,59.5
5f0f4e2e850b230eb3e7bb95,1,22,17,20,19,18,17,14,14,9,17,17,10,9,17,10,12,10,9,10,15,10,10,8,10,9,10,7,23,44.5,125,3.5,26.5,32.5,23,30.5,50.5,10.5,31.5,30.5,52.5,65.5,157.5,23,51.5,56.5,10.5,30.5,62.5,21,54.5,71.5
5f1732153f88740671925041,0,53,16,16,16,17,13,14,16,14,16,11,11,20,12,12,13,12,9,14,11,5,7,7,4,4,4,9,33.5,53.5,135,7.5,26.5,22.5,13,33.5,68.5,9.5,21,45.5,42.5,62.5,127.5,23,39.5,68.5,15.5,33.5,67.5,33,69.5,89.5
5f27ecc84fd32703e23366f5,0,24,20,13,20,11,16,13,16,14,14,9,6,20,12,14,17,14,9,10,15,5,10,8,4,5,5,2,42.5,43,195,4.5,27.5,22.5,13,39.5,74.5,14.5,21,45.5,32.5,50.5,97.5,23,51.5,56.5,15.5,30.5,62.5,33,66.5,86.5
5f2fd7c665964e3cee79553b,1,37,18,17,18,17,18,19,19,16,18,17,11,13,11,16,13,15,11,18,11,15,17,6,2,11,8,5,30.5,47.5,135,2.5,21.5,7.5,9,27.5,50.5,9.5,27.5,48.5,22.5,62.5,82.5,19,27.5,68.5,5.5,23.5,72.5,37,48.5,77.5
5f34279fcda0002d9e093c09,1,62,19,20,17,20,19,20,19,16,15,20,11,20,14,11,20,16,13,7,20,6,20,20,2,2,20,3,23,50.5,110,1.5,21,7.5,9,36.5,43,9.5,21,39.5,47.5,43,67.5,15,60.5,43,14.5,21,5,37,75.5,43
5f3ec93efbd299158253f283,0,51,16,17,17,20,16,14,15,15,16,16,11,10,17,16,11,16,12,10,16,5,6,9,4,4,5,9,30.5,50.5,110,4.5,26.5,27.5,11,33.5,53.5,9.5,30.5,30.5,22.5,68.5,67.5,17,51.5,53.5,15.5,34.5,57.5,33,69.5,86.5
5f4bc0f37c7b4479078f5ba9,1,22,16,20,18,18,15,12,18,18,20,18,6,9,9,14,17,14,8,6,7,6,8,3,2,4,7,9,23,47.5,125,5.5,28.5,12.5,5,23,47.5,14.5,31.5,54.5,32.5,50.5,97.5,25,63.5,80.5,14.5,32.5,87.5,37,69.5,80.5
5f4e117dbfcaa83f1b418976,1,51,18,18,18,17,16,16,18,16,15,16,12,11,11,15,11,14,13,6,15,16,4,5,4,4,5,5,27.5,47.5,135,4.5,24.5,12.5,9,36.5,53.5,8.5,29.5,48.5,27.5,68.5,97.5,15,63.5,56.5,4.5,36.5,77.5,33,69.5,86.5
5f64647e17ef411eb0c20359,1,37,16,17,19,19,11,15,17,16,17,16,11,11,13,13,14,11,11,11,11,11,11,7,6,7,9,9,30.5,44.5,115,9.5,25.5,17.5,9,30.5,53.5,9.5,29.5,42.5,37.5,59.5,142.5,19,48.5,68.5,9.5,29.5,67.5,29,60.5,74.5
5f68fe45f544c70bb0f525e6,0,57,19,19,19,19,19,19,19,16,17,17,16,13,14,15,14,18,11,7,14,10,7,11,2,4,6,3,24.5,44.5,115,1.5,21.5,7.5,9,30.5,50.5,4.5,27.5,39.5,27.5,59.5,37.5,19,60.5,59.5,10.5,33.5,47.5,37,69.5,83.5
5f69c514b7dfb7020ee1bcb0,1,43,10,18,16,20,5,20,20,11,0,0,10,0,20,20,20,17,11,0,20,11,11,14,12,20,20,21,27.5,53.5,110,15.5,21,5,19,80,100,10.5,40,23,5,43,52.5,19,80,43,9.5,29.5,32.5,17,23,43
5f7a4d05a8da636ab1802596,0,56,17,17,18,16,16,16,17,16,16,16,11,11,10,11,11,11,11,7,11,6,7,5,3,4,4,7,30.5,47.5,145,4.5,24.5,17.5,9,33.5,53.5,9.5,29.5,51.5,47.5,68.5,142.5,19,60.5,68.5,14.5,33.5,77.5,35,69.5,89.5
5f8d8af5eadf4d08f6c460f3,0,38,20,7,16,19,19,16,19,16,19,9,16,11,14,11,16,11,6,9,14,6,19,3,16,10,16,2,60.5,53.5,115,1.5,24.5,7.5,9,24.5,74.5,4.5,29.5,39.5,47.5,53.5,142.5,29,54.5,59.5,14.5,21.5,87.5,9,51.5,53.5
5f8ea1044999a9000ae5a0e9,1,21,14,17,14,16,13,12,16,11,14,13,10,11,11,12,13,14,7,9,11,5,6,10,7,4,5,13,30.5,59.5,145,7.5,28.5,22.5,19,39.5,62.5,10.5,29.5,48.5,42.5,62.5,97.5,27,54.5,68.5,15.5,34.5,52.5,27,69.5,86.5
5f92fb66991d4406765bbd20,1,59,15,18,15,15,15,15,16,15,18,17,10,17,17,10,14,14,10,7,17,2,11,5,6,7,0,11,27.5,56.5,155,5.5,25.5,22.5,11,27.5,50.5,10.5,23.5,30.5,52.5,59.5,97.5,21,60.5,50.5,18.5,29.5,77.5,29,60.5,100
5fa8030f008edf5d07a3ab8b,0,41,17,17,17,16,16,12,17,13,13,12,9,11,11,8,13,12,9,4,7,4,2,2,2,4,2,7,30.5,50.5,145,4.5,28.5,17.5,15,42.5,65.5,11.5,29.5,48.5,62.5,62.5,127.5,23,69.5,80.5,16.5,38.5,92.5,37,69.5,95.5
5faca74d85140a2c931bd265,1,27,20,20,20,20,20,20,19,20,20,20,20,20,17,19,18,20,17,7,20,4,5,12,20,6,20,2,23,43,110,1,21,7.5,2,23,43,1,21,30.5,7.5,47.5,15,7,60.5,43,16.5,35.5,42.5,2,63.5,43
5fb249cbf1bb8b7db9bb8d13,1,58,19,20,17,20,18,17,19,20,11,18,17,14,18,17,14,19,8,17,14,18,10,6,5,13,7,3,23,50.5,110,2.5,23.5,7.5,2,48.5,47.5,3.5,26.5,27.5,17.5,59.5,22.5,25,30.5,59.5,2.5,30.5,72.5,31,42.5,80.5
5fddf3f28ac1824a6fb56e29,0,55,12,15,17,20,15,16,14,16,16,18,11,11,14,14,17,14,10,9,11,11,4,7,11,4,5,17,36.5,50.5,110,5.5,24.5,32.5,9,33.5,47.5,9.5,29.5,39.5,32.5,50.5,97.5,21,54.5,68.5,9.5,36.5,67.5,19,69.5,86.5
5fee24adb0feb8102643d962,1,41,17,19,18,18,16,17,18,20,17,18,14,11,15,15,14,17,15,14,11,16,13,15,16,15,13,7,24.5,47.5,125,4.5,23.5,12.5,2,30.5,47.5,6.5,29.5,36.5,27.5,59.5,52.5,11,39.5,68.5,4.5,27.5,27.5,9,36.5,62.5
600301218f2211357248f416,1,41,20,9,2,20,15,7,20,16,8,17,11,9,7,20,14,14,20,18,20,20,17,20,20,19,14,2,54.5,95.5,110,5.5,33.5,5,9,57.5,50.5,9.5,31.5,60.5,5,59.5,97.5,2,27.5,43,1,23.5,5,2,24.5,59.5
600a97750a20c621b3d6d358,0,61,20,20,19,20,19,19,19,15,16,12,11,12,11,11,11,11,6,7,9,3,20,3,2,2,2,2,23,44.5,110,1.5,21.5,7.5,11,33.5,65.5,9.5,28.5,48.5,47.5,68.5,142.5,29,60.5,74.5,17.5,21,87.5,37,75.5,95.5
6010571dc1152033ac3bc4ca,0,27,18,19,18,15,19,16,19,18,15,16,14,10,11,13,11,14,5,10,10,4,5,5,6,3,3,5,24.5,47.5,155,1.5,24.5,7.5,5,36.5,53.5,6.5,30.5,48.5,37.5,68.5,97.5,31,51.5,71.5,16.5,35.5,77.5,29,72.5,92.5
6022d09061828908fbf92853,0,23,17,18,15,18,18,16,19,15,15,14,10,11,15,11,11,16,8,11,9,16,6,5,3,3,3,7,27.5,56.5,125,2.5,24.5,7.5,11,36.5,59.5,10.5,29.5,36.5,47.5,68.5,67.5,25,48.5,74.5,4.5,34.5,77.5,35,72.5,92.5
60264f219516732a1dc72394,0,55,20,20,20,20,20,20,20,20,20,20,20,20,11,20,20,20,16,11,16,10,11,11,11,8,10,2,23,43,110,1,21,5,2,23,43,1,21,48.5,5,43,15,9,48.5,53.5,10.5,29.5,47.5,19,57.5,71.5
602e85c76e51baa166315eb8,1,45,0,0,20,20,0,20,0,0,20,20,20,20,0,20,0,20,0,0,0,0,0,0,0,20,0,40,80,43,110,20,21,100,40,23,43,1,21,80,5,100,15,40,80,100,20,40,100,40,23,100
60301eb443d657e3194282fa,1,22,19,18,20,18,18,14,18,17,13,19,16,14,13,13,17,18,11,14,12,11,4,12,4,6,9,3,27.5,43,125,2.5,26.5,12.5,7,42.5,44.5,4.5,26.5,42.5,37.5,50.5,37.5,19,39.5,65.5,9.5,36.5,42.5,33,63.5,74.5
6037a63eb08c240350cfd0db,1,49,18,17,17,17,16,15,19,15,17,16,14,11,14,15,14,17,11,13,14,5,15,13,3,4,7,5,30.5,50.5,135,4.5,25.5,7.5,11,30.5,53.5,6.5,29.5,39.5,27.5,59.5,52.5,19,42.5,59.5,15.5,25.5,37.5,35,69.5,80.5
603910652eb1953090121b17,1,40,20,20,20,20,11,11,18,11,17,20,11,12,17,15,17,14,1,17,20,1,1,5,1,1,1,2,23,43,110,9.5,29.5,12.5,19,30.5,43,9.5,28.5,30.5,27.5,50.5,97.5,39,30.5,43,19.5,39.5,77.5,39,78.5,98.5
603d1a31171365bad9d0cd39,1,38,17,18,16,14,16,7,17,17,12,13,13,8,9,13,13,16,11,11,14,6,10,8,6,5,6,7,27.5,53.5,165,4.5,33.5,17.5,7,45.5,62.5,7.5,32.5,54.5,37.5,62.5,67.5,19,48.5,59.5,14.5,30.5,62.5,29,66.5,83.5
6044bd895068a35321a661da,1,27,20,20,18,15,20,17,17,18,17,20,5,18,18,16,20,18,13,13,20,0,20,20,16,20,11,2,23,47.5,155,1,23.5,17.5,5,30.5,43,15.5,22.5,27.5,22.5,43,37.5,15,42.5,43,20,21,5,9,23,68.5
6048d527affd1428c830c2e2,1,63,18,20,20,20,20,20,17,17,17,18,10,13,17,15,17,16,11,7,11,10,11,8,5,7,7,5,23,43,110,1,21,17.5,7,30.5,47.5,10.5,27.5,30.5,27.5,50.5,67.5,19,60.5,68.5,10.5,29.5,62.5,31,60.5,80.5
6049d09a4abaf27d9bb325b7,1,46,18,18,16,20,18,16,19,16,13,11,11,9,13,9,11,16,4,4,11,6,2,6,2,0,4,5,27.5,53.5,110,2.5,24.5,7.5,9,42.5,68.5,9.5,31.5,42.5,57.5,68.5,67.5,33,69.5,68.5,14.5,38.5,72.5,37,80,89.5
6053e01a6a8e8516ba7d47a7,0,56,15,18,19,17,15,17,17,10,13,15,11,13,11,10,13,8,5,8,9,1,1,0,1,2,1,11,27.5,44.5,135,5.5,23.5,17.5,21,42.5,56.5,9.5,27.5,48.5,52.5,62.5,187.5,31,57.5,74.5,19.5,39.5,100,39,75.5,98.5
60587a632a56aa17491c12fe,0,47,18,18,18,18,17,16,18,15,15,15,10,10,10,11,10,13,5,7,5,3,6,4,2,2,3,5,27.5,47.5,125,3.5,24.5,12.5,11,36.5,56.5,10.5,30.5,51.5,47.5,71.5,112.5,31,60.5,86.5,17.5,34.5,82.5,37,75.5,92.5
6073b4bb06e1a71c92966800,1,25,18,17,17,20,16,16,19,15,17,17,1,11,11,11,13,16,6,17,14,6,9,11,1,14,20,5,30.5,50.5,110,4.5,24.5,7.5,11,30.5,50.5,19.5,29.5,48.5,47.5,62.5,67.5,29,30.5,59.5,14.5,31.5,47.5,39,39.5,43
6092eb318a3efe4d95b0a0b0,0,42,18,17,18,16,15,16,18,16,14,11,11,15,11,14,11,15,6,10,4,17,10,3,2,19,19,5,30.5,47.5,145,5.5,24.5,12.5,9,39.5,68.5,9.5,25.5,48.5,32.5,68.5,82.5,29,51.5,89.5,3.5,30.5,87.5,37,24.5,44.5
609c5961e1d11ae2bd9ebd6c,1,47,11,14,17,20,11,11,11,8,11,17,6,6,11,11,14,11,6,7,11,1,6,8,6,4,11,19,39.5,50.5,110,9.5,29.5,47.5,25,48.5,50.5,14.5,34.5,48.5,47.5,59.5,142.5,29,60.5,68.5,19.5,34.5,62.5,29,69.5,68.5
60a2c2e3edac0531b3b0af44,1,42,20,20,20,20,20,20,20,11,20,20,10,20,20,15,20,7,10,4,20,20,20,20,20,6,20,2,23,43,110,1,21,5,19,23,43,10.5,21,23,27.5,43,202.5,21,69.5,43,1,21,5,2,63.5,43
60a77bfe95a49317645c06f2,1,40,17,19,17,15,15,12,20,17,19,17,15,16,17,15,16,17,12,10,13,6,5,7,5,10,7,7,24.5,50.5,155,5.5,28.5,5,7,24.5,50.5,5.5,24.5,30.5,27.5,53.5,52.5,17,51.5,62.5,14.5,35.5,67.5,31,51.5,80.5
60aa16c68f8b93c186c5465b,0,68,18,20,20,18,18,16,18,16,17,14,15,16,17,16,17,18,16,17,18,15,11,13,16,15,15,5,23,43,125,2.5,24.5,12.5,9,30.5,59.5,5.5,24.5,30.5,22.5,50.5,37.5,9,30.5,47.5,5.5,29.5,37.5,9,36.5,56.5
60aff9a6354c706f21c27da1,1,38,20,20,20,0,20,20,20,20,20,20,20,20,18,20,20,20,0,20,20,20,20,20,20,20,20,2,23,43,300,1,21,5,2,23,43,1,21,27.5,5,43,15,40,23,43,1,21,5,2,23,43
60b932147633bf0dd446941e,0,48,6,20,20,20,20,20,20,9,20,20,6,6,11,15,11,13,7,1,4,1,1,1,1,1,11,29,23,43,110,1,21,5,23,23,43,14.5,34.5,48.5,27.5,68.5,112.5,27,78.5,89.5,19.5,39.5,97.5,39,78.5,68.5
60c48535b67b2b74eef760d0,0,55,19,19,18,18,16,15,19,16,17,16,14,16,17,17,17,18,8,7,14,4,10,5,9,2,7,3,24.5,47.5,125,4.5,25.5,7.5,9,30.5,53.5,6.5,24.5,30.5,17.5,50.5,37.5,25,60.5,59.5,16.5,30.5,77.5,23,75.5,80.5
60c911874f9d508f93d839cc,1,32,18,19,20,20,18,20,18,16,16,16,11,11,11,11,11,11,6,6,6,2,3,3,6,2,2,5,24.5,43,110,2.5,21,12.5,9,33.5,53.5,9.5,29.5,48.5,47.5,68.5,142.5,29,63.5,83.5,18.5,37.5,87.5,29,75.5,95.5
60cf5ca7f7689965b747007c,0,50,17,15,15,16,16,15,14,13,14,13,11,7,11,15,14,13,13,7,14,6,11,6,6,7,9,7,36.5,56.5,145,4.5,25.5,32.5,15,39.5,62.5,9.5,33.5,48.5,27.5,59.5,112.5,15,60.5,59.5,14.5,29.5,72.5,29,60.5,74.5
60d1c82e42c14a1bfe66293c,1,32,15,20,20,20,20,20,16,20,14,20,10,20,20,11,9,8,9,11,14,6,11,14,10,0,1,11,23,43,110,1,21,22.5,2,39.5,43,10.5,21,23,47.5,74.5,187.5,23,48.5,59.5,14.5,29.5,32.5,21,80,98.5
60d60958e8f530cfe680a54c,1,46,16,20,20,20,14,14,18,15,18,16,10,11,7,11,10,14,5,6,10,7,7,3,5,2,3,9,23,43,110,6.5,26.5,12.5,11,27.5,53.5,10.5,29.5,60.5,47.5,71.5,97.5,31,63.5,71.5,13.5,33.5,87.5,31,75.5,92.5
60e02be4699a3f5cbe314e99,1,53,16,18,20,16,11,16,19,8,17,17,11,11,18,11,15,14,12,11,17,6,10,4,6,0,15,9,27.5,43,145,9.5,24.5,7.5,25,30.5,50.5,9.5,29.5,27.5,47.5,56.5,97.5,17,48.5,50.5,14.5,30.5,82.5,29,80,56.5
60e18fc810d0837bef0f5873,0,60,18,20,20,20,16,15,17,17,20,20,16,15,20,18,20,17,18,16,20,11,16,11,5,11,17,5,23,43,110,4.5,25.5,17.5,7,23,43,4.5,25.5,23,12.5,43,52.5,5,33.5,43,9.5,24.5,47.5,31,48.5,50.5
60eb17baa759f7208a1bd686,1,47,15,19,18,18,11,17,17,11,11,18,8,8,7,11,7,11,6,13,8,1,7,4,3,4,6,11,24.5,47.5,125,9.5,23.5,17.5,19,48.5,47.5,12.5,32.5,60.5,47.5,80.5,142.5,29,42.5,77.5,19.5,33.5,82.5,35,69.5,83.5
60f58103f23bca812b229dbb,0,29,19,20,19,18,18,16,19,18,16,14,13,15,16,18,19,16,15,17,14,8,5,5,5,3,4,3,23,44.5,125,2.5,24.5,7.5,5,33.5,59.5,7.5,25.5,33.5,12.5,44.5,67.5,11,30.5,59.5,12.5,35.5,77.5,31,72.5,89.5
60fa9db86962e340766fcd80,1,24,16,20,20,20,13,17,19,15,19,17,11,17,13,18,17,11,6,11,9,3,6,3,2,4,7,9,23,43,110,7.5,23.5,7.5,11,24.5,50.5,9.5,23.5,42.5,12.5,50.5,142.5,29,48.5,74.5,17.5,34.5,87.5,37,69.5,80.5
60fc47a77f054a5c6b167d70,1,46,18,17,20,18,16,11,19,15,11,13,16,10,15,18,14,15,14,7,16,5,5,3,4,2,3,5,30.5,43,125,4.5,29.5,7.5,11,48.5,62.5,4.5,30.5,36.5,12.5,59.5,82.5,13,60.5,53.5,15.5,35.5,87.5,33,75.5,92.5
61065a951ba33316abb42a29,1,39,16,20,16,20,13,0,11,16,11,17,14,15,11,15,19,17,4,7,14,1,20,13,15,8,14,9,23,53.5,110,7.5,40,47.5,9,48.5,50.5,6.5,25.5,48.5,27.5,44.5,52.5,33,60.5,59.5,19.5,21,37.5,11,57.5,59.5
6112dc9fe0bbeb6fca8fc014,0,32,18,17,19,16,20,20,16,11,11,14,11,11,14,15,11,14,8,6,7,1,1,3,1,1,4,5,30.5,44.5,145,1,21,22.5,19,48.5,59.5,9.5,29.5,39.5,27.5,68.5,97.5,25,63.5,80.5,19.5,39.5,87.5,39,78.5,89.5
611943dcb8b11a7b6cf6b596,0,32,16,18,18,20,19,16,19,16,19,17,13,16,17,16,16,14,14,11,16,6,8,11,6,11,11,9,27.5,47.5,110,1.5,24.5,7.5,9,24.5,50.5,7.5,24.5,30.5,22.5,53.5,97.5,13,48.5,53.5,14.5,32.5,47.5,29,48.5,68.5
611c96b7f768a98f30d44812,1,50,20,20,0,20,0,20,20,20,0,0,0,20,0,20,20,20,20,20,20,20,20,20,20,20,20,2,23,100,110,20,21,5,2,80,100,20,21,80,5,43,15,2,23,43,1,21,5,2,23,43
611f65b7f095e97025cdf0dd,1,43,20,20,20,20,16,20,20,17,20,20,16,20,14,17,14,17,15,14,14,15,10,9,6,7,7,2,23,43,110,4.5,21,5,7,23,43,4.5,21,39.5,17.5,59.5,52.5,11,39.5,59.5,5.5,30.5,57.5,29,60.5,80.5
6128a3db67305ef94021fcd7,3,29,20,20,17,19,16,20,17,16,15,10,15,10,13,17,12,12,12,12,9,8,14,4,19,3,3,2,23,50.5,115,4.5,21,17.5,9,36.5,71.5,5.5,30.5,42.5,17.5,65.5,127.5,17,45.5,74.5,12.5,26.5,82.5,3,72.5,92.5
612b5a2c55286e4cf74a63ee,0,48,20,17,20,16,15,20,15,20,16,20,11,10,18,16,15,14,10,11,13,11,10,15,8,9,17,2,30.5,43,145,5.5,21,27.5,2,33.5,43,9.5,30.5,27.5,22.5,56.5,97.5,21,48.5,62.5,9.5,30.5,27.5,25,54.5,50.5
612cc22830e71399b7a86841,1,68,16,18,19,18,11,9,20,3,17,17,11,20,14,11,20,10,9,10,9,6,3,2,1,4,4,9,27.5,44.5,125,9.5,31.5,5,35,30.5,50.5,9.5,21,39.5,47.5,43,157.5,23,51.5,74.5,14.5,37.5,92.5,39,69.5,89.5
612cebaa82955dc557a8ba2c,1,21,16,19,20,16,16,20,19,16,15,16,9,12,12,17,14,19,6,6,10,4,10,4,0,2,3,9,24.5,43,145,4.5,21,7.5,9,36.5,53.5,11.5,28.5,45.5,17.5,59.5,22.5,29,63.5,71.5,16.5,30.5,82.5,40,75.5,92.5
613c57610f67c46dee3ab8b8,1,33,16,4,11,20,15,6,5,16,7,14,6,11,11,7,16,20,11,14,14,16,6,15,6,14,20,9,69.5,68.5,110,5.5,34.5,77.5,9,60.5,59.5,14.5,29.5,48.5,67.5,53.5,15,19,39.5,59.5,4.5,34.5,27.5,29,39.5,43
613c81cee7cb25192a07ddea,1,27,20,20,20,20,20,20,20,20,20,17,20,20,20,20,20,20,20,20,20,20,20,20,20,7,10,2,23,43,110,1,21,5,2,23,50.5,1,21,23,5,43,15,2,23,43,1,21,5,2,60.5,71.5
613e495d5991ed54f860fe9d,0,45,20,16,11,16,15,15,19,16,16,17,11,16,17,16,17,18,8,17,13,11,11,11,6,14,11,2,33.5,68.5,145,5.5,25.5,7.5,9,33.5,50.5,9.5,24.5,30.5,22.5,50.5,37.5,25,30.5,62.5,9.5,29.5,47.5,29,39.5,68.5
613e7bf4ae5857b728674b91,1,20,15,18,18,19,18,16,18,16,18,18,10,12,16,16,15,15,8,13,11,6,7,5,9,10,5,11,27.5,47.5,115,2.5,24.5,12.5,9,27.5,47.5,10.5,28.5,33.5,22.5,56.5,82.5,25,42.5,68.5,14.5,33.5,77.5,23,51.5,86.5
6140bf6523a8f20a2ea1e417,0,51,16,18,19,20,15,12,17,13,17,18,8,5,9,11,14,14,6,7,11,3,2,5,6,2,7,9,27.5,44.5,110,5.5,28.5,17.5,15,30.5,47.5,12.5,35.5,54.5,47.5,59.5,97.5,29,60.5,68.5,17.5,38.5,77.5,29,75.5,80.5
6141c297faed26f6c7ecc230,1,26,20,20,20,0,20,11,20,20,20,16,20,10,0,20,20,0,0,0,0,20,20,4,0,0,0,2,23,43,300,1,29.5,5,2,23,53.5,1,30.5,80,5,43,300,40,80,100,1,21,82.5,40,80,100
614769c080877000c8de42ee,1,47,0,0,0,20,13,20,0,20,0,0,20,0,0,20,20,20,0,20,20,20,20,20,20,20,20,40,80,100,110,7.5,21,100,2,80,100,1,40,80,5,43,15,40,23,43,1,21,5,2,23,43
614ad1d11ebbb70be136b832,1,47,18,18,20,19,15,17,18,15,17,17,16,11,14,13,14,14,6,14,11,3,6,10,5,7,11,5,27.5,43,115,5.5,23.5,12.5,11,30.5,50.5,4.5,29.5,39.5,37.5,59.5,97.5,29,39.5,68.5,17.5,34.5,52.5,31,60.5,68.5
614ce29d78ae25eced10ede1,1,30,17,18,17,18,11,20,19,16,17,17,15,17,18,18,14,14,13,11,17,9,15,13,8,2,4,7,27.5,50.5,125,9.5,21,7.5,9,30.5,50.5,5.5,23.5,27.5,12.5,59.5,97.5,15,48.5,50.5,11.5,25.5,37.5,25,75.5,89.5
614d049504f75f232bf33847,1,28,15,20,18,20,16,19,19,18,19,16,14,17,13,19,14,19,17,16,11,16,9,9,13,15,8,11,23,47.5,110,4.5,21.5,7.5,5,24.5,53.5,6.5,23.5,42.5,7.5,59.5,22.5,7,33.5,68.5,4.5,31.5,57.5,15,36.5,77.5
614e4f5af7eba1c013541155,0,56,19,16,18,16,15,15,20,17,18,16,11,10,17,17,15,15,10,17,17,8,14,14,11,17,14,3,33.5,47.5,145,5.5,25.5,5,7,27.5,53.5,9.5,30.5,30.5,17.5,56.5,82.5,21,30.5,50.5,12.5,26.5,32.5,19,30.5,59.5
6152d3b2ebbcfd05ba744162,1,35,16,20,16,19,16,18,20,20,20,20,16,15,20,17,20,19,16,20,8,14,11,13,6,17,15,9,23,53.5,115,4.5,22.5,5,2,23,43,4.5,25.5,23,17.5,43,22.5,9,23,77.5,6.5,29.5,37.5,29,30.5,56.5
6154b537a93b01369670a9f5,1,29,13,10,16,16,16,9,14,6,7,8,5,10,4,5,11,10,4,7,4,6,5,3,2,4,5,15,51.5,53.5,145,4.5,31.5,32.5,29,60.5,77.5,15.5,30.5,69.5,77.5,68.5,157.5,33,60.5,89.5,14.5,35.5,87.5,37,69.5,86.5
615a170c6eca532c6f57e09c,1,38,19,19,19,19,18,15,18,14,15,17,12,12,15,16,15,14,10,9,9,5,5,8,5,3,9,3,24.5,44.5,115,2.5,25.5,12.5,13,36.5,50.5,8.5,28.5,36.5,22.5,56.5,97.5,21,54.5,74.5,15.5,35.5,62.5,31,72.5,74.5
6166c2849af8d8e1858e3b14,0,33,5,7,5,0,4,0,7,5,7,7,6,8,8,6,9,5,7,8,6,13,11,7,15,17,15,31,60.5,86.5,300,16.5,40,67.5,31,60.5,80.5,14.5,32.5,57.5,72.5,74.5,232.5,27,57.5,83.5,7.5,29.5,67.5,11,30.5,56.5
61671a9d42eb53946faa44c2,0,42,20,20,20,20,20,20,20,20,20,20,11,10,14,15,13,15,11,14,17,6,10,11,5,11,11,2,23,43,110,1,21,5,2,23,43,9.5,30.5,39.5,27.5,62.5,82.5,19,39.5,50.5,14.5,30.5,47.5,31,48.5,68.5
61698a8779cd6c1922b2a204,1,52,16,17,17,20,15,11,20,16,11,16,11,9,14,7,16,13,7,4,11,5,2,5,1,4,0,9,30.5,50.5,110,5.5,29.5,5,9,48.5,53.5,9.5,31.5,39.5,67.5,53.5,112.5,27,69.5,68.5,15.5,38.5,77.5,39,69.5,100
61732398300543fd6936d9f5,1,31,15,17,20,16,11,16,15,14,14,19,11,11,11,11,15,11,11,18,15,7,6,5,4,17,4,11,30.5,43,145,9.5,24.5,27.5,13,39.5,44.5,9.5,29.5,48.5,47.5,56.5,142.5,19,27.5,56.5,13.5,34.5,77.5,33,30.5,89.5
61fa936e5719bc09cb834cbe,1,28,13,17,16,17,14,9,14,13,6,11,9,10,15,8,13,7,7,6,7,6,6,4,4,3,6,15,30.5,53.5,135,6.5,31.5,32.5,15,63.5,68.5,11.5,30.5,36.5,62.5,62.5,202.5,27,63.5,80.5,14.5,34.5,82.5,33,72.5,83.5
6228bb4a2d9521a055debb4a,0,59,19,19,20,17,18,19,18,15,15,16,11,12,11,15,13,17,8,10,15,3,5,11,3,4,5,3,24.5,43,135,2.5,21.5,12.5,11,36.5,53.5,9.5,28.5,48.5,27.5,62.5,52.5,25,51.5,56.5,17.5,35.5,47.5,35,69.5,86.5
62347ee217c402f4acae35d0,0,58,15,17,18,16,13,14,17,7,14,14,6,12,11,12,14,14,8,8,14,6,8,8,6,8,7,11,30.5,47.5,145,7.5,26.5,17.5,27,39.5,59.5,14.5,28.5,48.5,42.5,59.5,97.5,25,57.5,59.5,14.5,32.5,62.5,29,57.5,80.5
6269c1216bc57860c0a02ac3,1,51,16,20,20,16,11,16,17,11,17,20,11,11,14,15,16,11,11,16,20,6,11,5,11,11,11,9,23,43,145,9.5,24.5,17.5,19,30.5,43,9.5,29.5,39.5,27.5,53.5,142.5,19,33.5,43,14.5,29.5,77.5,19,48.5,68.5
6286635aaf3636f6f3127eb9,1,46,20,20,20,20,0,20,20,0,20,20,15,20,0,15,20,17,4,0,9,2,0,3,1,1,1,2,23,43,110,20,21,5,40,23,43,5.5,21,80,27.5,43,52.5,33,80,74.5,18.5,40,87.5,39,78.5,98.5
6298afc6ccdc1efa000996b0,0,29,0,20,20,19,0,20,0,0,20,20,0,20,0,0,20,0,0,0,0,0,0,0,10,0,3,40,23,43,115,20,21,100,40,23,43,20,21,80,100,43,300,40,80,100,20,40,100,21,80,92.5
629e10bc2c72cfafd3b0aa30,1,22,16,18,13,18,17,15,17,16,15,15,12,11,16,16,15,18,16,17,15,4,8,6,6,7,5,9,27.5,62.5,125,3.5,25.5,17.5,9,36.5,56.5,8.5,29.5,33.5,22.5,56.5,37.5,9,30.5,56.5,16.5,32.5,72.5,29,60.5,86.5
629f2dccc6e91be06559e2f1,0,35,17,17,14,16,18,13,18,14,10,7,14,10,9,9,13,12,8,8,6,3,3,6,3,6,6,7,30.5,59.5,145,2.5,27.5,12.5,13,51.5,80.5,6.5,30.5,54.5,57.5,62.5,127.5,25,57.5,83.5,17.5,37.5,72.5,35,63.5,83.5
62a72693ad239d8873b2d0bc,0,35,19,20,20,20,18,20,20,16,20,20,11,20,20,11,20,11,6,11,20,3,5,8,5,5,7,3,23,43,110,2.5,21,5,9,23,43,9.5,21,23,47.5,43,142.5,29,48.5,43,17.5,35.5,62.5,31,66.5,80.5
62b2113b283e52ffa5e1ae13,1,57,20,20,20,20,20,20,17,12,20,20,10,20,17,15,17,16,11,14,11,2,5,11,3,4,3,2,23,43,110,1,21,17.5,17,23,43,10.5,21,30.5,27.5,50.5,67.5,19,39.5,68.5,18.5,35.5,47.5,35,69.5,92.5
62b224142b613b1ffb985ed2,1,55,20,16,16,20,20,16,20,15,14,16,15,12,16,12,16,16,15,16,17,11,10,18,6,17,14,2,33.5,53.5,110,1,24.5,5,11,39.5,53.5,5.5,28.5,33.5,42.5,53.5,67.5,11,33.5,50.5,9.5,30.5,12.5,29,30.5,59.5
62b4388226967b3994d79da1,0,44,16,18,20,18,15,16,17,15,17,20,13,16,18,16,18,20,16,17,20,16,16,17,13,18,16,9,27.5,43,125,5.5,24.5,17.5,11,30.5,43,7.5,24.5,27.5,22.5,47.5,15,9,30.5,43,4.5,24.5,17.5,15,27.5,53.5
62cebb481d8dff18f66ef320,0,37,20,17,15,15,7,17,18,10,16,17,6,14,16,11,17,17,7,15,18,10,20,16,3,5,14,2,30.5,56.5,155,13.5,23.5,12.5,21,33.5,50.5,14.5,26.5,33.5,47.5,50.5,52.5,27,36.5,47.5,10.5,21,22.5,35,66.5,59.5
62d2b86ed12d650ea7268dd7,0,44,15,20,15,18,10,11,17,11,20,14,10,11,14,5,14,10,9,11,11,1,1,3,6,1,4,11,23,56.5,125,10.5,29.5,17.5,19,23,59.5,10.5,29.5,39.5,77.5,59.5,157.5,23,48.5,68.5,19.5,39.5,87.5,29,78.5,89.5
62d2c9d825a0449c13aa42cc,0,29,18,17,17,16,17,15,17,16,17,14,10,10,11,13,14,14,8,8,11,6,10,6,3,4,4,5,30.5,50.5,145,3.5,25.5,17.5,9,30.5,59.5,10.5,30.5,48.5,37.5,59.5,97.5,25,57.5,68.5,14.5,30.5,72.5,35,69.5,89.5
62d5a6bd844e190019414266,0,26,19,17,20,20,19,20,19,16,14,17,13,16,17,13,17,17,15,10,18,6,9,11,13,13,7,3,30.5,43,110,1.5,21,7.5,9,39.5,50.5,7.5,24.5,30.5,37.5,50.5,52.5,11,51.5,47.5,14.5,31.5,47.5,15,42.5,80.5
62d6e100609ad53fa5d91e8b,1,38,20,20,0,0,20,10,20,0,20,20,20,15,20,9,16,20,8,20,7,5,20,20,20,20,0,2,23,100,300,1,30.5,5,40,23,43,1,25.5,23,57.5,53.5,15,25,23,80.5,15.5,21,5,2,23,100
62d9d80e83f48ce3dd34eed7,0,55,18,20,20,20,19,20,19,16,20,9,11,11,14,16,17,11,6,16,9,3,5,3,2,2,2,5,23,43,110,1.5,21,7.5,9,23,74.5,9.5,29.5,39.5,22.5,50.5,142.5,29,33.5,74.5,17.5,35.5,87.5,37,75.5,95.5
62de61fae2250a8fb855eae6,0,44,18,18,16,16,14,18,15,16,13,17,16,12,14,15,10,13,6,9,12,9,17,14,11,10,7,5,27.5,53.5,145,6.5,22.5,27.5,9,42.5,50.5,4.5,28.5,39.5,27.5,71.5,112.5,29,54.5,65.5,11.5,23.5,32.5,19,51.5,80.5
62e1975d947d5f6bcb8113bd,1,49,16,19,19,17,11,15,18,16,18,17,7,12,16,17,17,17,16,8,15,9,0,11,13,4,10,9,24.5,44.5,135,9.5,25.5,12.5,9,27.5,50.5,13.5,28.5,33.5,17.5,50.5,52.5,9,57.5,56.5,11.5,40,47.5,15,69.5,71.5
62e40abe71c1b7e395e9bf4a,0,39,20,20,20,20,19,19,19,16,16,16,11,11,11,11,11,11,6,6,6,3,3,3,2,2,2,2,23,43,110,1.5,21.5,7.5,9,33.5,53.5,9.5,29.5,48.5,47.5,68.5,142.5,29,63.5,83.5,17.5,37.5,87.5,37,75.5,95.5
62eac52811cc08638657fe8e,1,54,19,20,20,17,18,18,18,18,18,16,11,15,16,14,17,14,11,8,13,5,12,7,10,10,11,3,23,43,135,2.5,22.5,12.5,5,27.5,53.5,9.5,25.5,33.5,32.5,50.5,97.5,19,57.5,62.5,15.5,28.5,67.5,21,51.5,68.5
62f1603b3d6e908a942a98f5,1,46,18,14,17,16,17,16,19,17,18,17,13,11,15,14,11,15,13,10,5,17,8,6,6,4,4,5,39.5,50.5,145,3.5,24.5,7.5,7,27.5,50.5,7.5,29.5,36.5,32.5,68.5,82.5,15,51.5,86.5,3.5,32.5,72.5,29,69.5,89.5
62fba8318f299a1f28a745d1,1,34,16,17,16,12,16,16,17,16,13,12,12,11,11,16,16,14,10,10,13,7,11,5,5,6,11,9,30.5,53.5,185,4.5,24.5,17.5,9,42.5,65.5,8.5,29.5,48.5,22.5,53.5,97.5,21,51.5,62.5,13.5,29.5,77.5,31,63.5,68.5
62fccb9647eb07d62e9b6baa,0,62,16,18,20,15,12,14,16,13,14,14,9,11,14,13,16,14,10,11,13,7,11,6,6,7,6,9,27.5,43,155,8.5,26.5,22.5,15,39.5,59.5,11.5,29.5,39.5,37.5,53.5,97.5,21,48.5,62.5,13.5,29.5,72.5,29,60.5,83.5
62ff3d3ee03b44e79bb2d479,0,32,18,20,20,20,20,20,19,11,16,15,6,13,8,8,15,11,5,7,7,2,4,5,2,2,20,5,23,43,110,1,21,7.5,19,33.5,56.5,14.5,27.5,57.5,62.5,56.5,142.5,31,60.5,80.5,18.5,36.5,77.5,37,75.5,43
6317691462a2f2900d1856a8,1,26,20,20,20,20,20,20,20,20,20,20,20,20,20,14,20,20,20,20,20,10,20,9,5,7,20,2,23,43,110,1,21,5,2,23,43,1,21,23,32.5,43,15,2,23,43,10.5,21,57.5,31,60.5,43
63222311994c6e4c35bb2a55,0,54,0,0,20,0,20,0,0,20,20,0,0,20,20,0,20,0,0,0,0,0,0,0,0,20,20,40,80,43,300,1,40,100,2,23,100,20,21,23,100,43,300,40,80,100,20,40,100,40,23,43
6329c13285c93cafdf51ed77,0,42,10,17,13,10,10,13,18,15,14,14,11,11,17,15,14,11,7,3,6,5,6,2,1,4,4,21,30.5,62.5,205,10.5,27.5,12.5,11,39.5,59.5,9.5,29.5,30.5,27.5,59.5,142.5,27,72.5,83.5,15.5,34.5,92.5,39,69.5,89.5
634691731241de3dd1b31664,0,45,18,19,20,20,17,15,16,15,16,15,11,11,18,13,15,11,7,4,6,3,8,5,3,1,4,5,24.5,43,110,3.5,25.5,22.5,11,33.5,56.5,9.5,29.5,27.5,37.5,56.5,142.5,27,69.5,83.5,17.5,32.5,77.5,35,78.5,89.5
6346f314592ee4d8c3d84e57,0,42,16,16,17,16,11,14,15,14,14,14,11,10,14,15,13,16,11,13,7,6,6,3,4,4,4,9,33.5,50.5,145,9.5,26.5,27.5,13,39.5,59.5,9.5,30.5,39.5,27.5,62.5,67.5,19,42.5,80.5,14.5,34.5,87.5,33,69.5,89.5
634813a4c6504dfca1a5f58f,0,27,18,16,17,14,11,18,18,12,16,15,9,9,17,13,12,14,6,6,10,1,4,4,4,2,4,5,33.5,50.5,165,9.5,22.5,12.5,17,33.5,56.5,11.5,31.5,30.5,37.5,65.5,97.5,29,63.5,71.5,19.5,36.5,82.5,33,75.5,89.5
6349846837c4eb9c40269ba7,0,29,18,19,20,20,20,19,18,16,18,16,6,16,16,9,17,14,6,4,4,3,4,9,2,4,20,5,24.5,43,110,1,21.5,12.5,9,27.5,53.5,14.5,24.5,33.5,57.5,50.5,97.5,29,69.5,89.5,17.5,36.5,57.5,37,69.5,43
634d8e501da4391004381c88,0,42,16,17,14,15,7,5,17,15,12,13,13,6,14,9,11,15,6,9,11,6,6,5,6,3,7,9,30.5,59.5,155,13.5,35.5,17.5,11,45.5,62.5,7.5,34.5,39.5,57.5,68.5,82.5,29,54.5,68.5,14.5,34.5,77.5,29,72.5,80.5
6365467927cd39106badb888,1,36,20,14,20,20,12,20,18,16,14,20,11,20,14,13,17,14,11,11,20,11,3,11,3,11,13,2,39.5,43,110,8.5,21,12.5,9,39.5,43,9.5,21,39.5,37.5,50.5,97.5,19,48.5,43,9.5,37.5,47.5,35,48.5,62.5
63792c65e92e706fdb44c08a,1,52,15,16,16,13,15,15,16,11,12,15,11,11,12,9,9,12,6,11,12,5,7,5,3,10,5,11,33.5,53.5,175,5.5,25.5,22.5,19,45.5,56.5,9.5,29.5,45.5,57.5,74.5,127.5,29,48.5,65.5,15.5,33.5,77.5,35,51.5,86.5
637f86d14043aee189917962,0,41,20,20,20,19,20,20,20,20,19,19,20,19,14,20,20,19,16,16,19,17,19,19,18,17,4,2,23,43,115,1,21,5,2,24.5,44.5,1,21.5,39.5,5,43,22.5,9,33.5,44.5,3.5,21.5,7.5,5,30.5,89.5
637fab3fa581db86219b9c57,0,36,16,19,19,15,15,17,17,15,14,16,10,6,9,14,13,12,11,10,11,4,6,8,1,2,6,9,24.5,44.5,155,5.5,23.5,17.5,11,39.5,53.5,10.5,34.5,54.5,32.5,62.5,127.5,19,51.5,68.5,16.5,34.5,62.5,39,75.5,83.5
637ffd0ae752c8e33f91798b,0,33,20,18,14,20,20,9,20,16,15,13,20,12,17,15,11,15,20,15,20,2,8,7,6,15,7,2,27.5,59.5,110,1,31.5,5,9,36.5,62.5,1,28.5,30.5,27.5,68.5,82.5,2,36.5,43,18.5,32.5,67.5,29,36.5,80.5
6381ef78b1a4963aad7e8d52,1,58,14,15,20,17,13,15,11,16,16,20,11,14,18,16,14,16,11,15,16,11,15,15,0,16,18,13,36.5,43,135,7.5,25.5,47.5,9,33.5,43,9.5,26.5,27.5,22.5,59.5,67.5,19,36.5,53.5,9.5,25.5,27.5,40,33.5,47.5
6384e0fca81ec0f7e76d5227,0,36,17,16,17,14,16,16,16,13,17,12,12,12,14,13,14,13,6,6,6,3,16,16,3,0,2,7,33.5,50.5,165,4.5,24.5,22.5,15,30.5,65.5,8.5,28.5,39.5,37.5,59.5,112.5,29,63.5,83.5,17.5,24.5,22.5,35,80,95.5
63874670685f244f8d4e93ff,1,56,17,20,20,20,16,19,18,16,16,20,13,11,16,12,15,16,6,11,14,5,6,9,5,4,7,7,23,43,110,4.5,21.5,12.5,9,33.5,43,7.5,29.5,33.5,42.5,56.5,67.5,29,48.5,59.5,15.5,34.5,57.5,31,69.5,80.5
638df25c28a73c52e405ef95,1,58,16,20,20,19,14,15,15,13,17,17,11,12,15,15,15,13,6,10,18,5,5,7,6,6,7,9,23,43,115,6.5,25.5,27.5,15,30.5,50.5,9.5,28.5,36.5,27.5,56.5,112.5,29,51.5,47.5,15.5,35.5,67.5,29,63.5,80.5
63a1d7270be2b46d12eebe83,1,49,16,14,20,20,10,20,20,11,20,17,20,20,20,14,20,16,20,7,20,10,5,5,20,20,11,9,39.5,43,110,10.5,21,5,19,23,50.5,1,21,23,32.5,43,67.5,2,60.5,43,10.5,35.5,77.5,2,23,68.5
63bc7fe62d69346a94c04b9e,0,20,16,20,17,14,12,11,15,15,14,15,11,10,14,11,14,12,4,7,11,1,7,3,4,10,6,9,23,50.5,165,8.5,29.5,27.5,11,39.5,56.5,9.5,30.5,39.5,47.5,59.5,127.5,33,60.5,68.5,19.5,33.5,87.5,33,51.5,83.5
63c58429db2b7daf0f67d60d,0,54,18,20,19,18,13,20,15,14,19,17,13,15,13,15,16,14,8,15,13,7,5,11,5,5,6,5,23,44.5,125,7.5,21,27.5,13,24.5,50.5,7.5,25.5,42.5,27.5,53.5,97.5,25,36.5,62.5,13.5,35.5,47.5,31,66.5,83.5
63ced9adadc38e1acc2b58b6,1,45,19,18,19,16,18,16,19,17,20,18,13,13,14,14,12,17,6,6,8,5,10,7,4,6,4,3,27.5,44.5,145,2.5,24.5,7.5,7,23,47.5,7.5,27.5,39.5,32.5,65.5,52.5,29,63.5,77.5,15.5,30.5,67.5,33,63.5,89.5
63cffd3baa01359e9681b761,1,27,16,17,20,20,17,11,17,16,18,15,9,10,15,13,12,15,9,13,13,7,5,7,6,3,11,9,30.5,43,110,3.5,29.5,17.5,9,27.5,56.5,11.5,30.5,36.5,37.5,65.5,82.5,23,42.5,62.5,13.5,35.5,67.5,29,72.5,68.5
63cffdbf780f8b199748645b,0,30,16,18,20,16,10,20,15,16,14,14,11,10,4,11,7,11,3,7,5,1,4,3,1,1,1,9,27.5,43,145,10.5,21,27.5,9,39.5,59.5,9.5,30.5,69.5,47.5,80.5,142.5,35,60.5,86.5,19.5,36.5,87.5,39,78.5,98.5
63d0082563f1ab8825b4e51a,0,26,16,17,14,13,12,14,17,16,16,17,10,5,15,14,16,14,11,10,12,5,10,7,6,7,7,9,30.5,59.5,175,8.5,26.5,17.5,9,33.5,50.5,10.5,35.5,36.5,32.5,53.5,97.5,19,51.5,65.5,15.5,30.5,67.5,29,60.5,80.5
63d13edbfc31f4ecf0122017,0,33,17,17,18,18,20,20,20,16,16,18,16,11,14,16,7,14,15,11,14,11,11,9,10,14,7,7,30.5,47.5,125,1,21,5,9,33.5,47.5,4.5,29.5,39.5,22.5,80.5,97.5,11,48.5,59.5,9.5,29.5,57.5,21,39.5,80.5
63d1404712c3f98874867c5c,0,26,17,20,18,18,16,10,18,16,15,14,18,9,20,15,11,14,16,7,9,4,6,9,11,4,7,7,23,47.5,125,4.5,30.5,12.5,9,36.5,59.5,2.5,31.5,23,27.5,68.5,97.5,9,60.5,74.5,16.5,34.5,57.5,19,69.5,80.5
63d2b847b533b122bdeb1c7c,0,34,19,19,17,15,15,15,18,15,17,17,10,11,16,16,17,11,11,7,17,10,15,14,6,17,16,3,24.5,50.5,155,5.5,25.5,12.5,11,30.5,50.5,10.5,29.5,33.5,22.5,50.5,142.5,19,60.5,50.5,10.5,25.5,32.5,29,30.5,53.5
63d3fb4fd3c313dca0920312,0,34,18,20,18,20,13,17,18,14,18,16,20,16,17,17,17,16,11,16,17,6,11,19,8,4,11,5,23,47.5,110,7.5,23.5,12.5,13,27.5,53.5,1,24.5,30.5,17.5,50.5,67.5,19,33.5,50.5,14.5,29.5,7.5,25,69.5,68.5
63d416bc58ca5094af85cf8a,1,25,17,16,20,20,10,16,17,14,14,17,12,19,16,19,17,18,11,6,9,20,12,8,16,16,6,7,33.5,43,110,10.5,24.5,17.5,13,39.5,50.5,8.5,21.5,33.5,7.5,50.5,37.5,19,63.5,74.5,1,28.5,62.5,9,33.5,83.5
63d42baf9594b69453f61e91,0,27,19,20,20,19,20,19,19,19,19,19,20,19,19,20,20,20,19,19,19,19,19,19,19,19,19,3,23,43,115,1,21.5,7.5,3,24.5,44.5,1,21.5,24.5,5,43,15,3,24.5,44.5,1.5,21.5,7.5,3,24.5,44.5
63d4442207b6bdc12633adc8,0,39,14,17,19,18,16,16,16,15,15,17,15,11,16,15,14,12,13,12,14,11,11,8,6,4,9,13,30.5,44.5,125,4.5,24.5,22.5,11,36.5,50.5,5.5,29.5,33.5,27.5,59.5,127.5,15,45.5,59.5,9.5,29.5,62.5,29,69.5,74.5
63d52038bacd9968ad329bba,1,34,17,16,17,17,17,11,18,16,16,16,11,11,14,15,11,16,11,11,11,5,6,10,6,3,3,7,33.5,50.5,135,3.5,29.5,12.5,9,33.5,53.5,9.5,29.5,39.5,27.5,68.5,67.5,19,48.5,68.5,15.5,34.5,52.5,29,72.5,92.5
63d5384e1162358d3233adf9,0,32,19,17,19,16,19,11,20,18,17,18,18,16,14,17,15,18,17,17,14,11,11,19,5,15,14,3,30.5,44.5,145,1.5,29.5,5,5,30.5,47.5,2.5,24.5,39.5,17.5,56.5,37.5,7,30.5,59.5,9.5,29.5,7.5,31,36.5,59.5
63d6a4eaa7fee901efd4892b,1,43,11,14,15,16,10,10,17,14,16,15,10,11,17,8,14,13,11,7,7,5,11,5,3,4,4,19,39.5,56.5,145,10.5,30.5,17.5,13,33.5,56.5,10.5,29.5,30.5,62.5,59.5,112.5,19,60.5,80.5,15.5,29.5,77.5,35,69.5,89.5
63d79d991c2f3d7ea80aac4b,0,27,18,19,17,16,16,18,19,15,18,16,15,15,17,17,15,14,13,8,14,6,7,6,6,2,4,5,24.5,50.5,145,4.5,22.5,7.5,11,27.5,53.5,5.5,25.5,30.5,17.5,56.5,97.5,15,57.5,59.5,14.5,33.5,72.5,29,75.5,89.5
63d7b7e1dc8c7557238590dc,1,38,20,20,20,20,20,20,20,11,17,16,15,11,13,10,12,10,11,15,9,5,4,4,5,4,5,2,23,43,110,1,21,5,19,30.5,53.5,5.5,29.5,42.5,52.5,65.5,157.5,19,36.5,74.5,15.5,36.5,82.5,31,69.5,86.5
63d7cc044d54f16580fa7005,0,47,15,20,15,17,16,15,18,16,16,16,14,12,14,11,16,16,5,14,14,2,6,3,1,14,3,11,23,56.5,135,4.5,25.5,12.5,9,33.5,53.5,6.5,28.5,39.5,47.5,53.5,67.5,31,39.5,59.5,18.5,34.5,87.5,39,39.5,92.5
63d8966cb1c8fda2f6006864,0,37,19,20,18,19,18,19,19,16,18,17,15,15,15,15,14,19,16,14,14,13,6,8,8,6,6,3,23,47.5,115,2.5,21.5,7.5,9,27.5,50.5,5.5,25.5,36.5,27.5,59.5,22.5,9,39.5,59.5,7.5,34.5,62.5,25,63.5,83.5
63dcf52406a122c6bdcd054c,0,54,20,20,20,20,20,20,14,11,20,20,6,8,4,10,9,16,6,5,7,5,11,3,5,4,6,2,23,43,110,1,21,32.5,19,23,43,14.5,32.5,69.5,52.5,74.5,67.5,29,66.5,80.5,15.5,29.5,87.5,31,69.5,83.5
63e413ee2188feedff512183,0,33,19,17,17,15,20,16,19,18,16,16,16,10,16,17,11,14,16,17,13,15,16,7,10,11,13,3,30.5,50.5,155,1,24.5,7.5,5,33.5,53.5,4.5,30.5,33.5,17.5,68.5,97.5,9,30.5,62.5,5.5,24.5,67.5,21,48.5,62.5
63e542baa432ba0c9a3df24a,0,35,20,19,19,19,3,17,19,16,14,20,11,20,14,11,17,11,6,7,9,3,5,3,2,2,2,2,24.5,44.5,115,17.5,23.5,7.5,9,39.5,43,9.5,21,39.5,47.5,50.5,142.5,29,60.5,74.5,17.5,35.5,87.5,37,75.5,95.5
63e5665b49cf3cdbd54ea57b,1,52,11,14,14,20,14,20,15,16,17,14,6,16,14,13,11,14,14,17,14,5,10,8,5,7,7,19,39.5,59.5,110,6.5,21,27.5,9,30.5,59.5,14.5,24.5,39.5,37.5,68.5,97.5,13,30.5,59.5,15.5,30.5,62.5,31,60.5,80.5
63ea88e62f54ec96a1f8dadb,0,38,19,18,19,16,18,12,19,17,17,17,13,11,17,12,15,14,16,7,5,4,7,4,4,8,2,3,27.5,44.5,145,2.5,28.5,7.5,7,30.5,50.5,7.5,29.5,30.5,42.5,56.5,97.5,9,60.5,86.5,16.5,33.5,82.5,33,57.5,95.5
63ea8c801706c69bb07cace9,0,27,15,19,17,18,17,14,17,16,15,16,13,15,14,14,13,14,5,5,7,4,3,3,2,2,3,11,24.5,50.5,125,3.5,26.5,17.5,9,36.5,53.5,7.5,25.5,39.5,32.5,62.5,97.5,31,66.5,80.5,16.5,37.5,87.5,37,75.5,92.5
63ef938aea545fb9bd19a591,0,52,20,20,20,14,15,11,19,12,17,15,11,17,15,15,13,14,16,9,14,7,14,10,0,11,9,2,23,43,165,5.5,29.5,7.5,17,30.5,56.5,9.5,23.5,36.5,27.5,62.5,97.5,9,54.5,59.5,13.5,26.5,52.5,40,48.5,74.5
63fc9ac5b3caf86d29e7b736,0,48,16,20,20,15,15,20,13,11,11,9,6,10,11,7,14,11,6,7,4,3,1,3,2,1,2,9,23,43,155,5.5,21,37.5,19,48.5,74.5,14.5,30.5,48.5,67.5,59.5,142.5,29,60.5,89.5,17.5,39.5,87.5,37,78.5,95.5
63fcfd532173ce9f787ddb9f,0,54,18,17,20,18,16,18,19,16,18,17,15,15,17,15,17,17,13,17,14,10,8,13,6,7,14,5,30.5,43,125,4.5,22.5,7.5,9,27.5,50.5,5.5,25.5,30.5,27.5,50.5,52.5,15,30.5,59.5,10.5,32.5,37.5,29,60.5,59.5
63ffab18b5b1db350a46524e,1,48,19,20,20,20,15,20,19,15,19,20,10,10,19,15,20,10,1,6,11,6,1,8,1,1,20,3,23,43,110,5.5,21,7.5,11,24.5,43,10.5,30.5,24.5,27.5,43,157.5,39,63.5,68.5,14.5,39.5,62.5,39,78.5,43
6400da269c4826958d604b68,1,33,16,17,19,15,15,10,18,15,16,16,10,15,14,17,14,15,16,16,17,6,8,13,15,14,14,9,30.5,44.5,155,5.5,30.5,12.5,11,33.5,53.5,10.5,25.5,39.5,17.5,59.5,82.5,9,33.5,50.5,14.5,32.5,37.5,11,39.5,59.5
640245021965fa67eb729953,1,34,18,16,16,16,16,11,18,15,16,16,9,11,14,14,14,16,8,11,7,6,10,8,5,6,8,5,33.5,53.5,145,4.5,29.5,12.5,11,33.5,53.5,11.5,29.5,39.5,32.5,59.5,67.5,25,48.5,80.5,14.5,30.5,62.5,31,63.5,77.5
640a628b1ee07fd75971fd93,0,36,16,20,16,10,9,14,20,7,12,7,11,8,7,7,8,10,10,5,7,1,7,5,0,5,20,9,23,53.5,205,11.5,26.5,5,27,45.5,80.5,9.5,32.5,60.5,67.5,77.5,157.5,21,66.5,80.5,19.5,33.5,77.5,40,66.5,43
6427f297d1f4496a5bc7a7d5,0,51,20,20,19,20,17,19,19,15,14,19,10,15,14,15,15,11,11,8,13,4,6,5,6,4,7,2,23,44.5,110,3.5,21.5,7.5,11,39.5,44.5,10.5,25.5,39.5,27.5,56.5,142.5,19,57.5,62.5,16.5,34.5,77.5,29,69.5,80.5
642b1c83e9a71c3d81d75b19,1,48,16,16,14,11,17,11,17,16,14,13,16,11,11,9,11,15,20,7,9,20,20,8,6,17,6,9,33.5,59.5,195,3.5,29.5,17.5,9,39.5,62.5,4.5,29.5,48.5,57.5,68.5,82.5,2,60.5,74.5,1,21,62.5,29,30.5,83.5
642da8d6414249fa3f227e4a,1,57,19,20,20,20,17,16,18,17,20,20,11,5,20,17,20,19,13,14,14,6,11,13,6,15,11,3,23,43,110,3.5,24.5,12.5,7,23,43,9.5,35.5,23,17.5,43,22.5,15,39.5,59.5,14.5,29.5,37.5,29,36.5,68.5
64359e5b9995e7d3b31bc2fc,1,56,18,17,17,16,13,17,16,17,14,17,15,11,16,15,15,16,9,16,11,6,8,8,13,11,5,5,30.5,50.5,145,7.5,23.5,22.5,7,39.5,50.5,5.5,29.5,33.5,27.5,56.5,67.5,23,33.5,68.5,14.5,32.5,62.5,15,48.5,86.5
644015377c511324cabe9616,0,33,19,20,18,17,19,19,18,17,17,20,11,16,14,15,17,17,11,14,16,11,0,15,11,10,14,3,23,47.5,135,1.5,21.5,12.5,7,30.5,43,9.5,24.5,39.5,27.5,50.5,52.5,19,39.5,53.5,9.5,40,27.5,19,51.5,59.5
644016f38da1a099aac38389,0,38,17,20,20,8,4,9,14,20,14,20,8,5,5,11,20,7,4,20,13,0,7,10,0,5,7,7,23,43,225,16.5,31.5,32.5,2,39.5,43,12.5,35.5,66.5,47.5,43,202.5,33,23,62.5,20,33.5,52.5,40,66.5,80.5
644121cf6a0d225194dd0bf0,0,33,19,20,19,19,16,15,18,16,16,18,18,11,14,18,17,17,16,5,18,5,6,6,1,1,3,3,23,44.5,115,4.5,25.5,12.5,9,33.5,47.5,2.5,29.5,39.5,12.5,50.5,52.5,9,66.5,47.5,15.5,34.5,72.5,39,78.5,92.5
6444226e207029b1910e4652,1,48,20,19,20,20,20,18,20,20,18,18,20,11,17,20,17,20,20,18,17,16,11,20,20,17,17,2,24.5,43,110,1,22.5,5,2,27.5,47.5,1,29.5,30.5,5,50.5,15,2,27.5,50.5,4.5,29.5,5,2,30.5,50.5
644805884189b40893adfa53,1,53,15,18,20,18,17,19,14,13,19,16,13,13,11,11,14,11,6,6,16,10,9,3,7,6,4,11,27.5,43,125,3.5,21.5,32.5,15,24.5,53.5,7.5,27.5,48.5,47.5,59.5,142.5,29,63.5,53.5,10.5,31.5,87.5,27,63.5,89.5
644e0227c62cb87bccd10084,1,50,20,20,0,0,20,0,0,20,0,0,0,20,0,20,0,0,0,0,0,0,0,0,0,0,0,2,23,100,300,1,40,100,2,80,100,20,21,80,5,100,300,40,80,100,20,40,100,40,80,100
6458fe267afe71c7aa4de260,1,40,17,19,19,20,15,16,18,20,18,18,15,15,17,16,18,17,15,18,14,6,8,16,14,4,7,7,24.5,44.5,110,5.5,24.5,12.5,2,27.5,47.5,5.5,25.5,30.5,22.5,47.5,52.5,11,27.5,59.5,14.5,32.5,22.5,13,69.5,80.5
645a178964bdf1b4de1fc79f,1,52,20,20,20,20,19,10,19,15,16,16,11,11,11,11,11,11,6,6,6,3,7,5,3,2,1,2,23,43,110,1.5,30.5,7.5,11,33.5,53.5,9.5,29.5,48.5,47.5,68.5,142.5,29,63.5,83.5,17.5,33.5,77.5,35,75.5,98.5
645bee4a288a06ce3029b198,0,56,20,20,20,20,20,20,20,20,19,20,18,15,20,19,20,17,15,20,17,11,10,16,6,4,7,2,23,43,110,1,21,5,2,24.5,43,2.5,25.5,23,7.5,43,52.5,11,23,50.5,9.5,30.5,22.5,29,69.5,80.5
645df5da6a7ba0101a3a2a95,0,63,14,18,18,18,11,18,12,16,16,18,10,19,18,13,18,18,15,18,18,12,18,17,15,18,17,13,27.5,47.5,125,9.5,22.5,42.5,9,33.5,47.5,10.5,21.5,27.5,37.5,47.5,37.5,11,27.5,47.5,8.5,22.5,17.5,11,27.5,50.5
646649fde6355f403654a711,1,55,18,19,20,18,16,15,19,18,14,14,11,11,14,17,15,17,11,11,7,3,0,0,3,0,0,5,24.5,43,125,4.5,25.5,7.5,5,39.5,59.5,9.5,29.5,39.5,17.5,56.5,52.5,19,48.5,80.5,17.5,40,100,35,80,100
6472ec9d6898fb5a55efa348,1,53,20,17,17,20,9,11,13,15,15,17,10,6,11,9,18,9,5,10,15,11,12,10,4,5,15,2,30.5,50.5,110,11.5,29.5,37.5,11,36.5,50.5,10.5,34.5,48.5,57.5,47.5,172.5,31,51.5,56.5,9.5,28.5,52.5,33,66.5,56.5
648377e2d90103fb05768d81,0,50,16,17,20,20,15,15,16,15,17,17,15,10,14,16,14,14,11,10,14,16,15,7,10,4,7,9,30.5,43,110,5.5,25.5,22.5,11,30.5,50.5,5.5,30.5,39.5,22.5,59.5,97.5,19,51.5,59.5,4.5,25.5,67.5,21,69.5,80.5
